,hash_name,node_id
0,9q8zz8w6e78h,2210
1,9q8zzfcbxb87,225
2,9q8yvbnm9n09,3682
3,9q9p31qrj5m6,3109
4,9q9pbqnrhnqw,57
5,9q8yvfkgd7j2,3314
6,9q8yw4fsub49,3723
7,9q8vzhbebhn2,3067
8,9q8yy4zj0dhx,3613
9,9q9nbyspquyj,4714
10,9qc004rj5jyp,5294
11,9q9nbnh0jgr8,4865
12,9q8yyp2qwytd,5612
13,9q8yky0mm369,4989
14,9q9j2ku5nr9s,5256
15,9q8ym1z9qxmk,5002
16,9q8yvhqgxmec,3945
17,9q8ytj06tthb,5303
18,9q8yyy02pgk2,4862
19,9q8yyxshs0fr,3016
20,9q9j8udv8r6v,3296
21,9q8zn8rgbdds,3297
22,9q8yutwuqwrq,5060
23,9q8yyq83x4xb,643
24,9q8yy827x86n,2811
25,9q8zgywfvg2c,264
26,9q8vz6kfk64x,5026
27,9q8zjbxxrxkp,4031
28,9q8yv6sp4rz6,4771
29,9q9p14p0k2qg,4700
30,9q9p1b0w58nx,321
31,9q9p30h0x202,4195
32,9q8zs13z6vx2,4246
33,9q9p3trzk2kv,4828
34,9q8zmr3cs8d3,5623
35,9q8zumygw3th,2121
36,9q8yyzrn9we4,4588
37,9q8ywjsu4sr8,3993
38,9q8zgst6yber,5199
39,9q8yybd9mfc5,5423
40,9q8yw2zh8vwb,5143
41,9q8zn052hju6,1257
42,9q8yte3njx6c,4317
43,9q9p19f43vzw,4689
44,9q8yuzg66e3m,4398
45,9q8yqtg3su2x,4968
46,9q9p3bgt8uj4,2932
47,9q8ywqhjeg2p,4910
48,9q8yy1cpynpm,648
49,9q8ytnnm856p,4434
50,9q8ytzfxue8k,649
51,9q9ncsq7tv99,4632
52,9q8vz8z5dwct,3413
53,9q8vukx8jxny,3243
54,9q8yts9zhbhw,4930
55,9q8yjjpxyej3,5505
56,9q9nftm8zc8g,4690
57,9q8yubuucpsw,5099
58,9q8ywvmw6czf,4284
59,9q8ytnjt8g2r,2614
60,9q9p1t2wgqhr,3886
61,9q8yu8sz0v63,1770
62,9q9pb0j9hs6v,4259
63,9q8yv8x9r6cg,4872
64,9qc000132y8g,2954
65,9q9p8qpngs22,3248
66,9q9p1dw3tz9e,3337
67,9q8vz5e7j7j5,5008
68,9q8yxhbsb4w7,2777
69,9q8ywvm86zrv,2796
70,9q8ytxxspqcc,4876
71,9q9pbxq6hsby,5543
72,9q8yvuh050ez,3069
73,9q8yuy9pksum,4338
74,9q8yxhxz10pn,5359
75,9q9p14x1srwg,4669
76,9q9j89x4ey6s,5045
77,9q9p1c2wg9ns,4680
78,9q9j8tuytbm9,4533
79,9q8yyzekt0fz,3183
80,9q8zs5em3d6x,4249
81,9q8zgbn1nkrj,5208
82,9q8yyn1vvt8y,2313
83,9q8yt0jt2gb7,3842
84,9q9p3ekcr5qq,5375
85,9q9p609rg3dm,1030
86,9qbbpcq65x6r,893
87,9q8yyk8rr4ru,2943
88,9q9p1s403fzt,5416
89,9q8yyxp513bb,4166
90,9q9p195e0s71,3351
91,9q8ysf91hehr,4432
92,9q9p8gq3svej,2751
93,9q8ywwbkzt4h,5601
94,9qc003djbkkd,5227
95,9q8ytu3gm5qg,3745
96,9q9p9kz0kbcn,5299
97,9q8ywpekhnu3,4377
98,9q9pbjugt39h,954
99,9q9j8fg7rxk2,4532
100,9q8yj5zxndjk,3502
101,9q8yymwk3wmn,3634
102,9q9p9pmxtv5t,5222
103,9q8yt7n686kq,5493
104,9q8yvfme9ep0,2808
105,9q8ywg3bqkzs,4104
106,9q8yytmwdsj9,5135
107,9q8yynx18ds8,5184
108,9q9p1vryuwpp,3581
109,9q9p908d6c2n,4165
110,9q8yvtkndu19,907
111,9q8yyj9umw2y,1276
112,9q8yvvm8c9x5,2893
113,9q8yuz5749c2,4391
114,9q9j8xw6uw0b,3869
115,9q8yu3cf57c8,4947
116,9q9j8ufg83ff,3281
117,9q8yw49yvt8u,1272
118,9q8ysxmw2hkh,2695
119,9q8yv0d97dcg,1650
120,9q9j8e0961ew,4513
121,9q8ykbrdyk56,4506
122,9q8yv1sh61m5,4404
123,9q8yww3gqjvm,2790
124,9q8ythbkvdsg,5340
125,9q8yy83gw0mq,3452
126,9q8vyr6tmjuc,1457
127,9q8zjfpwpdu1,3645
128,9q8yw9zcb9dd,4526
129,9q8ysgccgun5,5021
130,9q8yyf9cqmrt,908
131,9q9ndnvszjhk,386
132,9q8yy8q79brq,4857
133,9q8yj7brjfph,5508
134,9q8yy5ekk5uk,3614
135,9q9p946h93e6,937
136,9q8yy8bkzxdn,3833
137,9q8yvvxsrwkn,2789
138,9q8yvfcjjfjp,3311
139,9q9p1kmeyptz,863
140,9q8yvm06vzpn,3462
141,9q9pb6p15wbq,2877
142,9q8ynxuphp4r,3397
143,9q9p19shxgs9,3354
144,9q8yy7zf0q26,2966
145,9q8yhew5rmmf,4499
146,9q8zn21yjb5p,3396
147,9q9p3qhbwzsj,3272
148,9q8yvyxp2kfm,3490
149,9q9p3shnrzs8,5351
150,9q8yvuztpsu1,5311
151,9q9nfpvdr5km,4677
152,9q9p16hynfu1,3153
153,9q8yt7jd946w,2499
154,9q8yvn27v8hg,3015
155,9q8yu314gfpg,2464
156,9qc0006j056t,3595
157,9q8zn2s1ev04,3970
158,9q8yw330qd3d,3810
159,9q9p3dsfp1y3,3908
160,9q9p988d73kq,4013
161,9q8yjqfs7bu0,2452
162,9q9p407ec4xk,4673
163,9qc002c2c070,5224
164,9q8yvdfth4nr,2601
165,9q8ysr9h5yzc,5454
166,9q8ytduuf051,2987
167,9q9p8xkcvfv8,3252
168,9q8zjckyf3jk,3640
169,9q8vyqph8uyv,5606
170,9q8zj48rtdhb,3086
171,9q9p8n4101fe,1654
172,9q9pb3qrspww,2871
173,9q9p1k89g44j,3128
174,9qc00mxn592m,4710
175,9q8yufvt06nr,4351
176,9q8ym8ptp39u,3501
177,9q9j8bugqhxx,3877
178,9q8ywd9yyjtk,3000
179,9q8ytkme356e,2322
180,9q8zzbhchuqv,3100
181,9q8yvwjtcmsy,4396
182,9qbb51qfhz6p,5173
183,9q9p3yumb5wz,3368
184,9q8yqsxn9mbz,4970
185,9q9pcp364hcw,5538
186,9q9p3m613wj8,96
187,9q8yymrn8unc,1692
188,9q9p9157zbww,1070
189,9q8zgp1u3dw9,2405
190,9q9p1e0e5qu7,609
191,9q8yvnsc96wb,4951
192,9q8yn3kve03g,4956
193,9qc007g7z121,5408
194,9q8yyzk0ukht,5169
195,9q9p19jenkrc,2963
196,9q8zmnybp37f,2134
197,9q8yykd9mpuy,4762
198,9q9pb89697tk,3249
199,9q8zn8p01mbf,5203
200,9q9p17kyygsj,2434
201,9q8yxkr565re,5568
202,9q9p1mqqvqpr,3885
203,9q9j8s76p6d4,2454
204,9q8yys83rxfn,4356
205,9q8yvejdcksv,647
206,9q8yy1vd45c2,1281
207,9q8yturerek5,2900
208,9q8zedrssc86,5183
209,9q9p96nqtrpm,5410
210,9q8yy8xz0t69,5122
211,9q8zzqpp4nrw,2747
212,9q9p98pysksu,4172
213,9q9ncfmewg40,107
214,9q9j9qsvycun,5265
215,9q9p3pz4uryc,4009
216,9q8zgmfe93ds,4843
217,9q8ysr4ddxe6,4944
218,9q9p37y6v6xq,4625
219,9q8yynptzvwn,3287
220,9q8zej7r869g,499
221,9q9p1s93fdnj,3955
222,9q9p96fb0yrj,4648
223,9q8zzfh1jwvq,3253
224,9q9p9h08fz21,2723
225,9q8yvj4dgx1y,3264
226,9q8yyq5mumwq,1674
227,9q8zzwx4fe39,2725
228,9q8yynym1r6g,434
229,9q9p1ewkty1e,3573
230,9q8yw3rn0uwz,1951
231,9q9j9196dn3s,3298
232,9q9p40404tu4,4722
233,9q9pb6u0w29e,4786
234,9q8yu2xxjtqc,4057
235,9q8yyq4tvjsy,3948
236,9q8ysx2qmh2s,5343
237,9q8zes1ng19r,4270
238,9q8ywk77k7q7,4739
239,9qc0128dgjf5,4704
240,9q9nf1bxun0v,4218
241,9q8ytpvxbg8k,5084
242,9q9j2punmbxt,1749
243,9q8zzqp16hp9,2756
244,9q9p1dujrukw,151
245,9qbb4dncs1ju,2636
246,9q9p1ghgpwbe,3574
247,9qbbhgpsqrek,3162
248,9q9j8hrpghyp,5246
249,9q8zn2scej1f,866
250,9q9p4hpyjj36,3895
251,9q8zkdgmdnxh,4236
252,9q9pbn8dc7r1,2865
253,9q9j9rpcknfc,5016
254,9q9p3qzbh16f,1514
255,9q9p194g1k33,3258
256,9q9p3yuvze8x,3275
257,9q8yykxz262k,4357
258,9q9j9hugw9cf,5266
259,9q8ymxyr89qt,117
260,9q8yt21vkef7,4977
261,9q9nf637eeh8,3559
262,9q9pc72xg460,2201
263,9q8zjbs1ej5f,4092
264,9q8yu8cugxey,5079
265,9q8zshh0bzk3,5185
266,9q9p457911r2,4132
267,9q9p2v73rwh2,4606
268,9q8yyrh55cb0,3632
269,9q8znb9zqrrx,4842
270,9q9nfrc67ekt,4692
271,9q8yy8t96dve,5363
272,9qbb70cnfkv5,403
273,9q8yxm8s0s28,2343
274,9q8yypcfme2v,4287
275,9q9j8kc791g4,5254
276,9q8ywp72s1ur,1282
277,9q9pbeugmzjd,55
278,9q9p32khpsf7,3340
279,9q8zjcrwz9hh,1247
280,9q9p1u4y1t7d,4120
281,9q8ym0hv13wu,4999
282,9q9p96n2vkz2,4655
283,9q9p6h9rgqf2,4124
284,9q8yvq91t68b,4437
285,9q8yymsu7n3y,2716
286,9q8vyzx5385p,5010
287,9q8yuyhjcvdy,663
288,9q9ncmk0z9d7,4590
289,9q9p40n2nmy4,4679
290,9q8yjjf97d3b,3242
291,9q8ysw9z5dez,3936
292,9q8ytc567zfj,3455
293,9q9p1bcm71bk,5277
294,9q9nf4rgt512,3217
295,9q8zn4rezvnn,3306
296,9q8zn2r5bfwu,3969
297,9q9j8bbe6ktz,5030
298,9q8yter02hbh,3734
299,9q8yyxq2cupm,2721
300,9q8yn1uc4tpt,3398
301,9q8ywev9fsje,2826
302,9q8zn8t9dtjd,3037
303,9q9p16ujrs6q,3961
304,9qc01n09dy0p,3607
305,9q9p30wrv1tm,4203
306,9q8yumqnxh59,3815
307,9q8ym0sy92yu,4466
308,9q8ym2q6bkh6,1742
309,9q9p9dfn1bzd,2224
310,9qc00e5krrdh,2860
311,9q9nctufr0y7,4584
312,9q8yyh0mygjs,3986
313,9q8zn2t9dm56,3963
314,9q9j8pqm5gs7,4551
315,9q8ysxuf0c4q,5616
316,9q9p1bbt79ys,3195
317,9q8yvfjtc8x4,2801
318,9q8yyss1kpfq,4360
319,9q8yxn9cqb3f,3628
320,9q8yt0uu9mwb,4327
321,9q9j8muyt873,5022
322,9q8yuu9c7zyn,860
323,9q8yv9zxzq1v,4869
324,9q8yucyzzn1t,3751
325,9q8yvvuf62v7,3982
326,9q9nbyxce6w2,4716
327,9q9p6n8dhnbv,3270
328,9q8yu93nkqfn,4055
329,9q9p18pyh2hz,3193
330,9q8ym8x08n2p,3063
331,9q9p40e99jp6,4672
332,9q8ysyzsym5k,3937
333,9q9p1qdcbuxn,3889
334,9q9p3y3k7h2r,3906
335,9q9p3y2s7sqx,4177
336,9q8ywr06xpxf,2317
337,9q8yy6zv060r,4899
338,9q9p3gkzptbs,4641
339,9q9p904bbdhy,3534
340,9q8znb4wjb1p,3431
341,9q9p1qspxx4k,4578
342,9q8yu9uzby4m,967
343,9qbb5py5vw2s,5164
344,9q9p3eufz4wq,5346
345,9q8yu63ge718,3780
346,9q9j2nsvmrc0,5260
347,9q8ytzgrggdh,3681
348,9q9p386u1kc7,3338
349,9q8zu0h10ukm,4258
350,9q8yy53btx0f,2975
351,9q8yw4gku0h3,4314
352,9q8yt9jd3ruv,2894
353,9q9p3j9m44cd,4604
354,9q8yykj842er,3001
355,9q8yv5n6bhdj,3653
356,9q8vmnqr8j65,2458
357,9q8zz9hhj6gh,5232
358,9q9p14hnp6b3,3148
359,9q8yuk9z763s,4067
360,9q8yyz6wty94,3177
361,9q8yyrsue0cz,4021
362,9q8yv7nfzstv,5530
363,9q9j974c2cxn,1755
364,9q8zu5xttkst,4608
365,9q9nfzdhe8fx,3520
366,9q9pb6n3hnyw,2875
367,9q8ykc14htsr,5020
368,9q8yve4duhwm,3316
369,9qc00cc79wxr,627
370,9q8zj8uv61gh,4405
371,9q8zz0b82nn6,3383
372,9q8zjc4ehs23,2946
373,9q9j3q2xej65,2248
374,9q9p36xfh1fc,4636
375,9q8ywruf511y,4906
376,9q8yyth4up4q,4359
377,9q8vyuzgbuhb,4544
378,9q8ymqwqb2s3,4974
379,9q9p1bpyh8pp,4696
380,9q9p15tsty5e,4157
381,9q8yykw33xvn,4363
382,9q8yyt7qsu09,4362
383,9q8yvnt98f82,4949
384,9q9p36uvwysh,4639
385,9q9p3gkcre2w,3542
386,9q8yygrn997p,5470
387,9q9p4hcm7qfr,2933
388,9q8ymrbrtcrj,1437
389,9q9p1unqnj7f,3049
390,9q8yud5mf0x4,4108
391,9q8zee699tst,4269
392,9q8ytgp4866q,3729
393,9q8yte2qnr33,4063
394,9q9p41c67mfq,3517
395,9q8ysguz9ns9,3763
396,9q8ym8q6bsnd,3234
397,9qbb58ynw4sv,5175
398,9q8zn92qz94h,5440
399,9q9p4hpnjtrd,3894
400,9q8yts9chvu8,3738
401,9q9p8bzjunk9,4167
402,9q9ncu37ej83,4585
403,9q8yn3n3cet0,3855
404,9qbb58fw9dst,5171
405,9q9p1qnqjrzk,3159
406,9q8yyx22zs4j,4090
407,9q9p3r17dq5u,4181
408,9q9p16087065,3211
409,9q9p3w4n9fpd,3904
410,9q9pc0h1pk2m,4811
411,9q8yy0sc6dze,2977
412,9q9ncm78b38g,1510
413,9q8ytf1jmymh,3728
414,9q9p64h28d94,1049
415,9q8ywshjs0fq,2727
416,9q8yysftjkz1,4859
417,9q8zj8vt33uu,4038
418,9q8yt44t7w3u,5092
419,9q9p3xpgsqhu,4824
420,9q8yyx3byhjm,3438
421,9q8yvftx1xz4,3312
422,9q8yvgkbdrj6,4290
423,9q9p8bfjcn31,5580
424,9q8yy3kbeh9b,3703
425,9q8ytfq730b9,3721
426,9q8yv43gs700,5556
427,9q8yws8rp84n,4309
428,9q8yyrb6r5rv,3623
429,9q8yqkwq9tvp,1730
430,9qbb79768cwq,4231
431,9q9pbn53qsjc,2874
432,9q8ysxqyqsrk,5615
433,9q9p3bdpf39v,4125
434,9q8yvzrwxws4,3026
435,9q9p3xjewqpu,3901
436,9q8yyr4ej1ub,3301
437,9q8yycpfbfhg,3416
438,9q8vyzuc5dwh,3062
439,9q9p3gvdyfdn,4597
440,9q8yv88rnm33,4409
441,9q8yt1q22464,3003
442,9q8zgnv2wjwy,5192
443,9q8yx5b9bhn7,5588
444,9q8yvvzdr8u5,3630
445,9q8zkgsv10k9,5160
446,9q9p18hyp0nr,3199
447,9q9j8u2xfkvz,5434
448,9q9p8tn7utbc,3608
449,9q8vucf8g4zx,4524
450,9q8yy6zj0fnz,4049
451,9q8yu34dfd57,5450
452,9q8yw3k07f24,5327
453,9q8zu0hnbyu6,4253
454,9q9p60e9cpr2,4114
455,9q8zznzb9jxn,56
456,9q9p3yx4jqvm,3905
457,9q8yyz72vh4v,4238
458,9q8ym12mvdsc,4430
459,9q8ytgmw1xr1,3730
460,9q9p9g33ej8m,2846
461,9q8zj9hg4h71,3655
462,9qbb50c0f2m0,4247
463,9q8yuycjhxk7,4335
464,9q8ywr3nqs3s,4907
465,9q9j94jsjvee,3883
466,9q8ywd83pe4p,4745
467,9q8yvuer7f6h,2886
468,9q8yyrxu82br,1690
469,9q8yy4med512,4370
470,9q9p30xpu3wv,4202
471,9q8ytz56ezd4,4887
472,9q9p412wu10u,5384
473,9q8ytx3nms6u,3807
474,9q8yy94dv6p5,3704
475,9q8yysvt4sv9,3038
476,9q8yudyjp6jz,4450
477,9q8yy9mw6wvw,4895
478,9q9p99et0xgj,3358
479,9q8yndxy2968,3073
480,9q8yymc4q8ce,3479
481,9q8yyuq7dm99,4441
482,9q8zeke62ws1,3402
483,9q8zjbdxkx2r,3328
484,9q9p3jh5x787,1074
485,9q8yyrje43g2,2810
486,9q8yubuhczdy,5076
487,9q9p1v2wgwnx,3591
488,9q8yst22mp2t,3786
489,9q8yyw91wfe8,3176
490,9q8yygxh3egh,5469
491,9q8yxh890jy2,4315
492,9q8yszzxy7ek,2945
493,9q8yvsdxk4qk,4343
494,9q9p616z1gmf,3550
495,9q9p8ugqpekk,3385
496,9q8zgkh9r1x2,4242
497,9q8ymnwqb0d1,676
498,9q8yhz9gefqj,1450
499,9q8ywz9unqz9,4759
500,9q8yq8q6cup6,4477
501,9q9p1z6z18g8,3914
502,9q9pb38t9f1k,4788
503,9q9p3duvxnwk,2758
504,9q8yyqcvjz75,2712
505,9q8yvvu470gg,80
506,9q9j91u0x2b3,3292
507,9q8ym1f97x3u,4465
508,9q8ysvrwq3g6,4922
509,9q8yuyrey257,3024
510,9q9p1tm9n7zf,3888
511,9q9j96ge2r2b,5050
512,9qc003f58qsx,2859
513,9q9pbhzbd7pv,2750
514,9q8ywnzhbths,3315
515,9q8ymqcusdfq,4333
516,9q8zn81nnb5x,3029
517,9q8vz6md7dhp,5519
518,9q8ywf83pghr,5457
519,9q8zzv3606qs,101
520,9q8yvem89rhf,3659
521,9q9j2zg2rwhr,3862
522,9q8zxzugkcyz,5163
523,9q9p1t9kf8wh,4152
524,9q9nfpkq8w94,4723
525,9q9p1t1769qh,3343
526,9q8yyxxu88fx,3129
527,9q8ytzuf43jq,5571
528,9q8zxyrudntt,4799
529,9q8ywm14wt18,4901
530,9q8ymnrenetq,3837
531,9q8yytshkn6q,2730
532,9q8yy3q29st0,651
533,9q8ywcqq4k9x,2465
534,9q8yynerkhum,3304
535,9q8yvss16zcw,2495
536,9q8zn3n71sm1,3769
537,9q9p8xhujbmd,4085
538,9q8yyndxkuft,5306
539,9q8vzbemyke8,4984
540,9q8zj0w38j44,4389
541,9q8ymhsy9myz,4993
542,9q8zzf1r03qe,2745
543,9q9p9cet0zvj,3525
544,9q8yufqgx518,3665
545,9q8yyfx13t7j,5459
546,9q9p40cm73fk,5377
547,9q8zn99hwge9,2460
548,9q9p416bcytz,5381
549,9q8zn002nvvd,5611
550,9q8yy72qx1rz,3612
551,9q8yvdhvf0e4,4766
552,9q8yy7xh2gyu,2972
553,9q8ytc727f64,4763
554,9q9p8frue3w6,4079
555,9q8yynjtfj9q,3478
556,9q8yypp509u8,2917
557,9q8ynjbrnutw,5620
558,9q8yjjuz1kwy,3065
559,9q9j2nhuj290,5039
560,9q9nct2wekh3,4583
561,9q9pb4968y0y,3380
562,9q9p1duvrhqq,2908
563,9qbbj41pkgwd,3163
564,9q8ytykg6mvm,2797
565,9q8yuuqgxj99,5475
566,9q8zn6xp8fnb,532
567,9q8yv435sgn8,5557
568,9qc006xg4b3u,4721
569,9q8yyksc7pcy,4483
570,9q8zn9knu14k,5441
571,9q9p8ufn153h,3388
572,9q8yvwmec2hg,3985
573,9q8zn8k5u4dk,3031
574,9q8yswptw53p,3467
575,9q9p38fj9upd,2836
576,9q9j87sfv8gm,5436
577,9q9j91b8dbb1,5043
578,9qc00cbedqtz,3597
579,9q9p3wpnt456,2838
580,9q8ymjz9wsmr,4461
581,9q8vycw7429d,1745
582,9q8ymjgr6ygs,4458
583,9q8ykvw5zdpc,4456
584,9q9p11h5pk23,3210
585,9q8znb52jjff,3433
586,9q8ytehfd47n,5446
587,9q8yszkn3u6u,3928
588,9q9j8me6z52p,5023
589,9q8ythzsydt7,5447
590,9q8yvq9csdd2,1298
591,9q8yt1s5fpjj,3319
592,9q9pb6z0e887,2870
593,9q8ysmgrcchf,3819
594,9q8yvusp747u,113
595,9q9p3xzfuruc,4825
596,9q9j2kugjxek,5259
597,9q9p1sk5zzsx,3956
598,9q9p3y8d5wyt,4014
599,9q8yyrr0bunv,4086
600,9qc00s2t60e8,4711
601,9q9p3uj8wv45,1511
602,9q8yy8tx4tm9,4474
603,9q9p3jn7t5t7,2832
604,9q8vyvkv7eq0,5244
605,9q9pbb3kc9pr,5550
606,9q9p3vn7w5eg,3919
607,9q9j2yxjkpu8,5057
608,9q8yjdgk57xv,543
609,9q8vykcgvu50,1744
610,9q8zn0gmk1uk,3639
611,9q8yyfs1kmkt,4044
612,9q8zursjc1y8,4230
613,9q9p4jff9gjc,5374
614,9q8zedgq0by6,4267
615,9q9p1rjeq5vy,5240
616,9q8zu2gq3bkz,1120
617,9q9p6jbduj2b,3549
618,9q8ymhq7014j,3494
619,9q9p3tz4vj72,3907
620,9q9nfsxpq6kh,2780
621,9q9p9kyqj7rk,4151
622,9q8yvksc3zcn,3468
623,9q8zn2py020r,4274
624,9q9pb6gqr500,2738
625,9q8zn6nq1dv1,3426
626,9q9p39jeqqxb,2761
627,9q8yvkwzrdmu,3464
628,9q8yyy9zqkzt,4863
629,9qbb585r2cn2,2120
630,9q8ysduubb43,5110
631,9q9j9ptdvy58,5014
632,9q8ywe22rsfh,4743
633,9q9p3yf0433f,3909
634,9q8zuremccub,3093
635,9q8yye56uu8t,4447
636,9q9j2zs4wgy4,681
637,9q8yke5660r0,4979
638,9q8ysgfxenx9,3806
639,9q9p3jvdvv78,2834
640,9q9p454g1yvg,1046
641,9q9p4132gqdr,3509
642,9q9p41du9gtc,3508
643,9q8yucupcy4v,3753
644,9q8ysyvsbmnk,3933
645,9q9nftp4yrhn,4699
646,9q9j89xfenkh,5044
647,9q8ywth4sj42,2970
648,9q8yvekbdp54,4407
649,9q8ysxy4p3jy,5071
650,9q8yv8xp0j21,1697
651,9q8znb0qpbhr,3174
652,9q8ywshve2gy,2773
653,9q8yvmh4frpq,3463
654,9q8zn372uqwr,3166
655,9q8yw9mw4stx,2998
656,9q9p3x4g9q1k,3902
657,9q9p3eu4zfsw,5350
658,9q9p1s8xeks6,3155
659,9q9p1wujxcs9,2213
660,9q8yvk83mzzn,5371
661,9q8yt13yhk8p,4431
662,9q9pbpjskddc,3375
663,9qbbkwbrjh88,4234
664,9q9j97cq6mgb,5052
665,9q9p9sjwy3xz,4821
666,9q8yt7r8quzs,4316
667,9q9p415e1hr3,3561
668,9q9p9ebe5kuk,2878
669,9q8yyjq2c3dg,4344
670,9qbb4wwghjmz,5353
671,9q8zn1p50sk9,3164
672,9q8zj3wk87s3,4387
673,9q8yxpbd01nq,5465
674,9q8vw2ug7h9z,2339
675,9q9p1ujwnv64,2929
676,9q9j90rcgv2x,3879
677,9q8yvyer7ufj,2788
678,9q8yyfpjc8e4,3409
679,9q9p3b9rg18m,4122
680,9q8yymjdfr5q,3695
681,9q8yykuv5hcc,5004
682,9q8yv1wur37g,2947
683,9q9j8k3614e4,2510
684,9q8yv4rewej2,5618
685,9q9p3dxpvh5r,1512
686,9q8yym30y99e,4233
687,9q8yvhwcrrgy,3944
688,9q8zzdn35qbn,4794
689,9q8yyqwr3svj,2978
690,9qc00exb5hkn,3602
691,9q9p3j4597e7,4186
692,9q8vyuz5cs50,3412
693,9q9p3hujz30m,4183
694,9q9ncskgxjw3,4634
695,9q8yvbq7902w,2816
696,9q9j8hrf46xf,5247
697,9q8yv1ky3qyy,1293
698,9q8zj9r8zq9z,4096
699,9q8yynxxruyj,3010
700,9q9p3wvty7xz,812
701,9q8yt5brtwsc,3759
702,9q9p14nqj4v3,4206
703,9q8ywzq2d3cx,2466
704,9q8ytru443pq,2806
705,9q8ytrqq2kkk,5082
706,9q9p30zjsknf,3537
707,9q8yy21vty51,4900
708,9q8yjduh4g9t,3505
709,9q9j8pfn84fe,4983
710,9q8yvyd9sd82,3992
711,9q8zkjy4yv32,5599
712,9q9jb0dtzks0,4556
713,9q8yuybmjr6e,4334
714,9q9p3vgdbvm0,3912
715,9q8yywujhp67,3440
716,9q8yywd9t6x0,2792
717,9q8zj1wk85d1,4384
718,9q8vz6e2jsxk,4547
719,9q8ywrb6p1py,4381
720,9qbbpu3m22w8,5406
721,9q8zuq1z5q3w,4164
722,9q8yy4cjn4pr,4365
723,9qbbkwde6ztm,1114
724,9q9pbb969exk,2618
725,9q8yyzc4r5mv,2735
726,9q8zs557ce4x,5356
727,9q9p1sszxhw6,5523
728,9q8yj6eq71m8,3050
729,9q9p36vtwntu,4640
730,9q8yuyq5z8pg,3794
731,9q9p3dvtwqxu,2759
732,9q9p1557pyye,4582
733,9q9p197wb95h,2938
734,9q9pbpmxux6g,3374
735,9q8ywrsu5ncc,5318
736,9q9j8w6pbxwc,680
737,9q8yt1n62pfj,4330
738,9q8yvgkyd3mr,3622
739,9q9p1hr5urwz,3133
740,9q8yvzrn8qd6,5305
741,9q8yvxp501b0,4292
742,9q8yn0d8ku69,495
743,9q8ysunjx8zy,3814
744,9q8ywduug25c,5134
745,9q8yn3rj8bqg,4959
746,9q8yvj9ukq2n,3987
747,9q8yth8rj8hy,3760
748,9q8yts8rn21q,4417
749,9q8yw2jt67g7,3831
750,9q8yyxh5h1f2,2852
751,9q8yqts5u443,4491
752,9q8ynr5rumw6,4077
753,9q9p3tet0dg4,4133
754,9q9pb8b86n5d,4796
755,9q8vn59zvwby,4531
756,9q8ym8w28wqx,3064
757,9q8yw8twfejd,3418
758,9q9ncupvueph,2914
759,9q8yyw9cw4t2,2793
760,9q9p337x072f,3113
761,9q9p1wdz9r1k,3205
762,9q8yjdphb400,3506
763,9q9nfhd16xun,3521
764,9q9j9wsjzcuw,5276
765,9q8yuf4tg0xd,3752
766,9q8yt3q226k6,4323
767,9q9p3f0w7syx,5236
768,9q9j974139tw,5280
769,9q9ncw1mftwn,4223
770,9q9p1vtsybdh,3588
771,9q8zkmngw7t5,5218
772,9q8zn848jmz4,642
773,9q9j8b6p9pch,3864
774,9q8yyhkgdtx9,5417
775,9q9j3uh7bjyz,4567
776,9q8ywt68mrrj,4472
777,9q8yn3kjeb25,4543
778,9q8zknqhqu3r,4244
779,9q8yjesg6j74,3504
780,9q9p1ez4t0e2,3921
781,9q8ym6sy9g3n,3232
782,9q8yszky3hks,859
783,9q9p1kk5zxdr,3951
784,9q9p3t7x287j,5553
785,9q8yw91fqpvm,2625
786,9q8yvcvd1ez0,3671
787,9q9p9ejey7pz,5243
788,9q8yvw3gubhe,1261
789,9q8yugnfzh9t,3947
790,9q8yy5m8dp16,629
791,9q8yyqx18fwb,3633
792,9q8zzdp14wcw,4150
793,9q8ysfxwymek,4427
794,9q8zn6xc8r87,5437
795,9q8ytngkfv5s,4775
796,9q8yus0mv50s,5105
797,9qc011emzuqd,4703
798,9q8yy0chypxq,1699
799,9q8ytpczu78h,5085
800,9q8zzd1cpqyn,4145
801,9q8zj8uj6ccs,4095
802,9q8ym1kb12nu,3768
803,9q9p31q3m0vm,4209
804,9q8zn0cjq1zk,4029
805,9q8yy3u45gb0,4375
806,9q8yw122qfmd,2498
807,9q9p1dh0rbke,3556
808,9q8yymkneu01,2805
809,9q8zn0r5bdss,3975
810,9qc0161r67ef,4702
811,9q9j3hg7pzws,4573
812,9q9p3gr1m7mq,598
813,9q8yve8kq7ck,5078
814,9q8yktuc8u6r,4463
815,9q9p14pb7b2e,3213
816,9q9j80rzdrzu,5262
817,9q8ytxkn6u3s,4411
818,9q8yt995vx4v,5548
819,9q8ynf8qrck2,5007
820,9q8yhzy1rszf,5148
821,9q8yvkrewvx9,3668
822,9q8yvber5v61,868
823,9q8yt8q70wq8,3507
824,9q8yw54dsf6w,4889
825,9q8yypzdrgqj,2779
826,9q8ykxyzw9rm,311
827,9q9p8xu5q9gz,2754
828,9q8zjd4wh4y3,4397
829,9q9p3x5e8w5h,3910
830,9q8yyjekknkq,4342
831,9q9pbhzy6mxf,2749
832,9q8ymzyr912t,5498
833,9q8yv4q78540,3758
834,9q9p644y3uvz,3997
835,9q8zn315ns39,4851
836,9q8vv7cysxfq,3245
837,9q8yuy35u8h7,3766
838,9q8yus5mf5ph,3805
839,9q8ywx1fwpt6,5600
840,9q8ytfd9he0r,3725
841,9q8yufnvz09d,3785
842,9q9p3bn2w05b,4642
843,9q8yuk5mcghu,5109
844,9q9j8pz0g0qn,1460
845,9q8yuv9hkwkq,3796
846,9q8yvjjdbz0q,1768
847,9q8yu29z5m39,4946
848,9q9p96fy0bz4,4646
849,9qbb5bt6zjve,5157
850,9q9p90d4337q,4082
851,9q8yymg6k2y7,2892
852,9q8ytekb6hgh,3241
853,9q8zndhb727g,5178
854,9q9p8tk1y85y,4817
855,9q8yv32qmyzn,3800
856,9q8ysr22s9yr,4942
857,9q8ytkbkvfx5,5448
858,9q9p984y9k9k,4173
859,9q8ynr56h7nm,4075
860,9q8zzfhchyyy,3610
861,9q8ynpb3quvd,4470
862,9q8yy89znjm3,2814
863,9q8yvc4dud07,5479
864,9q8yykuj5ub1,3875
865,9q8yy6vt465r,2967
866,9q8yx7mw5xk1,2629
867,9q8yvwfthpq7,3447
868,9q9p2vh5wgw5,4602
869,9q8zjbj81tz4,2800
870,9q8zge23gxze,5198
871,9q9j8yq6hv5h,3867
872,9q8ytnbkvthu,4943
873,9q8vz9n3e324,4553
874,9q9j8mubttgk,1748
875,9q9p1rbdejd5,3335
876,9q8vryhuhbwb,5035
877,9q8zj8sz6p7p,4406
878,9q8yut72f1x5,5103
879,9q8yvgek7gfh,4835
880,9q8yvfcvj4nz,443
881,9q8yv491kvqt,2624
882,9q8ynjcpnhxq,5619
883,9q8yy291qdce,2843
884,9q8zn12qycjs,3652
885,9q8yn5rtxfyh,5512
886,9q8yutek6nrn,3779
887,9q9j80k1vvrx,5027
888,9q9p40r5vdxs,4681
889,9q8ywqhve53z,5482
890,9q8zuqub8t8n,5180
891,9q9p33ffbbph,3110
892,9q8ytrjd9pdd,1772
893,9q8ywpgru5sk,4372
894,9q8yt0hv37yg,2822
895,9q8yym72u3w7,2996
896,9q9p1fzvksrn,3201
897,9q8zn0vt61ck,2924
898,9q9j8rn3kny9,3283
899,9q8zzfhpj9m7,2867
900,9q8yyx2qxwd4,4022
901,9q8yvwt996sb,3984
902,9q9p3spbsmhg,5347
903,9q8yyzwkd2cx,5296
904,9q8zzfu0t8t7,3047
905,9q8yvsw32xyw,4039
906,9q9j3w2xemk7,5038
907,9q9p4h4y1vmf,3204
908,9q8yycknkquw,3408
909,9q8zn6q7ctjn,5136
910,9q8yucg64ec2,3748
911,9q9j87tdubvj,5435
912,9q8yjmgr5htw,5509
913,9q9p3twmjfcd,463
914,9q9ncgy6nn7f,422
915,9q8ywz7qmh6u,5484
916,9q8ymbyk3529,915
917,9q9p19du9793,2913
918,9q9pbqvwsbj5,2991
919,9q8yy39hq93e,3705
920,9q9jb31r35ep,1746
921,9q9j96et8kbg,5056
922,9q8ytcfxsebr,4746
923,9q8zgu3ufwm4,5200
924,9q8yw8wqcgp6,4973
925,9q8vzm7mmer2,4965
926,9q8zjb83wt56,4094
927,9q8yvu10jbtp,4837
928,9q8yjy9ymnqg,3190
929,9q8yyb9cq6ze,5364
930,9q8zzyj9kk09,2857
931,9q8yyun2429x,4442
932,9q9j8mvwsbm1,3873
933,9q8zkgwjp8rc,5400
934,9q8zgg9jeket,2131
935,9q8yhtuz0udq,2829
936,9q8yxn0t85qr,3627
937,9q8yyx3ywnt6,3437
938,9q9p14pnh6yc,3214
939,9q8ysg3nhxk3,4924
940,9q8yvqxxquzt,3450
941,9q8ywwgkuv0s,2767
942,9q8vyfb7zckr,2582
943,9q9p4nsr8x1h,1527
944,9q9nbq1mcjen,1695
945,9q8yt3pdqzzt,1273
946,9q8zz9sjt65h,4149
947,9q8ytj22mxkv,4783
948,9qbb5me20xh0,242
949,9q8yszxsnqg3,5081
950,9q8vz4r43fjr,4548
951,9q8ysb9nueh6,5426
952,9q9p176ybgxj,5414
953,9q9p9dpbukub,4178
954,9q9nf7v40nkf,4217
955,9q9p3e0ee3h3,3540
956,9q8zjdp8r23g,5535
957,9q9pcpfg8shy,5539
958,9q8yywerkubt,3477
959,9q8ywv1fwmp8,965
960,9q8yu8tx0jk1,5068
961,9q9p8gsjqfqp,31
962,9q8zn0x18thd,3331
963,9qbb4eps7rxs,5354
964,9qc00y6v274f,625
965,9q8yyhym1kfc,4877
966,9q8yyz3bykpt,3147
967,9qc006e7p02h,100
968,9q8zn3kbgn9z,3170
969,9q9p1t3qfwnp,3349
970,9q8ytx30t9fz,3808
971,9q8ywszubdde,4903
972,9q8vzdd8nsxu,3288
973,9q8yw28qz5pf,2986
974,9q8yynp00ek8,536
975,9q8yt7ky1z31,5337
976,9q8yuuk59vdc,3946
977,9q9p15pg5ybe,1068
978,9q9p9fj8yuf0,596
979,9q8vyzy3469s,3295
980,9q9ncdzvh6hz,5388
981,9q8ysfsc15hx,4933
982,9q8zn891wv5d,3032
983,9q9p1e5e0wg5,2909
984,9q8yyqpjbvwy,2340
985,9q8yym68v1sg,3485
986,9q9pbz2xfrmg,5541
987,9q8yy4cvjd0z,1280
988,9q9p4j4569kh,3584
989,9q9p10szqx3z,323
990,9q8yxj7qm3v4,5132
991,9q8zkjufbjq0,2660
992,9q8yyf83rvkm,4046
993,9q9p90f017g7,4809
994,9q8yt3v9c1dd,1775
995,9q8yyq9pqsct,2786
996,9q8yjpqmb040,4998
997,9q9nfswrr46k,2717
998,9q8vzcdep0d4,3407
999,9q8zu07kc94x,4257
1000,9q9p4h9rekd6,3203
1001,9q8yyqsp7ubj,3617
1002,9q8zzutdu28x,3101
1003,9q9p2zsvnjrs,5582
1004,9q8zj9kyf15h,3654
1005,9q8yme7256xv,3233
1006,9q9j9m96f77z,5270
1007,9q8ywngkujhk,4382
1008,9q9p3xn7ty1s,3903
1009,9q9p3nkuqs3z,3533
1010,9q8yym56urnq,3489
1011,9q8ysw4tdgmr,2999
1012,9q8zn2j84mg6,1688
1013,9q9ncpshx2br,4720
1014,9q9p9133d51e,4162
1015,9q8yv4wzprgf,4772
1016,9q8ynrpf070m,4490
1017,9q9nfpr0vspt,4695
1018,9q9p8vn7uvg1,481
1019,9q9p9bgtbym1,3365
1020,9q9p17knzedm,5411
1021,9qc011e2pcyt,4706
1022,9q8znb5qj04z,3432
1023,9q8ywvyrf31d,3188
1024,9q9p3wqkmu3x,3344
1025,9q8yykbmphzc,4374
1026,9q8zzbj9hk2t,3099
1027,9q8yytg6kbbe,3180
1028,9q9p8ck1wgn5,4159
1029,9q8vzcpcd1md,4982
1030,9q9p38w3vz38,2910
1031,9q8yy2sz5j3c,5101
1032,9q9j8dc73rm2,4507
1033,9q8yvunmc50s,3664
1034,9q8yn2x02uqc,4535
1035,9q8ytc9gvpnv,1639
1036,9q8ywk35qe3e,4754
1037,9q8yw2t942em,5329
1038,9q8ymhqgp35v,2821
1039,9q8yssfsfft7,4925
1040,9q8yw6x10gnz,5142
1041,9q8zge31gpc7,5204
1042,9q8yweqq1zr3,3761
1043,9q8yvn77fb5e,3022
1044,9q9p19es8ee1,3140
1045,9q8yy8vsfxtw,3694
1046,9q8yv3b6jgz0,4400
1047,9q8yyq77u2n7,2885
1048,9q8yum7q9uhc,1778
1049,9q9j8qy7shqe,3865
1050,9q8zzqb88t8w,2748
1051,9q8yyq1jyt9w,3629
1052,9q8zzsqkgq24,4789
1053,9q9nft7w9u5c,4698
1054,9q9p3mkcqyh0,2835
1055,9q9p1g7wbgtj,3579
1056,9q9pbr2d1ucq,5225
1057,9q8yqrg3srn2,675
1058,9q8zet9j7j13,2135
1059,9q9p3pxv5v2s,4008
1060,9q9p40szrz6x,1532
1061,9q8yszzdn35q,2950
1062,9q9j3hsjrm0q,5283
1063,9q8yyk9zmf7h,2920
1064,9q8yu6nvy2t4,4052
1065,9q9j3jh1p603,4572
1066,9q8yy635we18,2981
1067,9q8yj9bqyr97,3055
1068,9q8zn8n21vz6,3824
1069,9q8ywjqq33ff,4757
1070,9q8zkf94h9u3,2605
1071,9q8yteq22sys,3733
1072,9q8yvy9ct4wb,3978
1073,9qc003be9y9r,5226
1074,9q9p9dfy12c6,5241
1075,9q8yjsk4dycx,3500
1076,9q8yvytx3szj,3976
1077,9q9p3fh284wf,3999
1078,9qbbpcdtzh64,4018
1079,9q8yn3znbzwg,3392
1080,9q9p2vkcqnp8,1513
1081,9q8vzbs0jdj6,4981
1082,9q8vz97mnn1m,3852
1083,9q8yucwur13e,5162
1084,9q8yynx9xfw0,3027
1085,9q8yyx15ncg8,4275
1086,9q8zedv2ny7m,4266
1087,9q8yjbmd99z5,678
1088,9q9p9t17fty1,4820
1089,9q8yucuzcnht,3749
1090,9qbbpbpc6nte,4017
1091,9q9p4j17736k,3585
1092,9q8zkmufbt20,5220
1093,9q8zzf091nvn,2853
1094,9q9p906u2xhc,4182
1095,9q8yw4uhg2jc,5133
1096,9q8yj9mt92kg,3849
1097,9q8yyw77ub0e,4861
1098,9q8yt5b3vshg,3783
1099,9q8yvwuv4p75,3457
1100,9q8yyquj5z25,4112
1101,9q8yv3ts316e,1648
1102,9q9p316z0ekf,4198
1103,9q8ywt56sv08,2971
1104,9q8yvuk5ejec,2905
1105,9q9j8rzydfcg,1461
1106,9q8yv5hfckwv,4773
1107,9q8yvdztp61z,3313
1108,9q8yynuv4xre,3302
1109,9q9p3spykrsb,5348
1110,9q9p8v3r9dx7,3255
1111,9q9p93y7j6r7,4654
1112,9q8yte4ds4qq,3811
1113,9q8yubs13ffg,1776
1114,9q8vz9zndt3s,3854
1115,9q8yusyvnsz3,5062
1116,9q9p3052xbn8,4197
1117,9q8ynd82rwf4,4961
1118,9q8yn3j9f7e2,3881
1119,9q8ywnsp56tz,4891
1120,9q9p984bc61q,4175
1121,9q8zz0ddw5ek,4793
1122,9q8yyhcjnhz3,537
1123,9q9p1kpyhj6f,3954
1124,9q8yss6e6gm7,4929
1125,9qc00yd51j3p,3592
1126,9q8yy7pfbk8m,4050
1127,9q8zjfhn54gc,4832
1128,9q8yvfsc6mmm,3005
1129,9q9p2yzb53q6,3532
1130,9q9j8fsjwuy5,4517
1131,9q8yyrz42gqv,4853
1132,9q8yym9hqw3w,3106
1133,9q8ytpgrfges,4779
1134,9q9p4ckqc3ps,3225
1135,9q8ytsxp000n,4060
1136,9q8yyd1vy0t6,2980
1137,9q9ndcryjuxz,4971
1138,9q9p3ezfu6sy,4598
1139,9q8yys3gwjt3,5361
1140,9q8yuk1jggpu,4070
1141,9q8yyqs1ef80,3619
1142,9q8zn8hb5mgf,3034
1143,9q8zzeve7zn6,4792
1144,9q8ywjrn29ud,4755
1145,9q9j2rnqupn8,5257
1146,9q8yveqq89qx,3308
1147,9q8yyq1vvven,4035
1148,9q8yw9vxdevx,3410
1149,9q9p3gufzd8w,4594
1150,9q9p13ufqvun,3257
1151,9q8yuscv5sgc,3950
1152,9q8yyh1jy5pk,3757
1153,9q8zz99vx6nh,1052
1154,9q8zzuhzhgyv,4143
1155,9q9j8x096ng9,3282
1156,9q9j9jg2xvys,2613
1157,9q8yveg65qrf,3321
1158,9q8yhytw2qq7,3496
1159,9qbbh4rtjmux,423
1160,9q8ywxpf8xdd,4758
1161,9q9p38msnkzg,2794
1162,9q9p1k5w0m2f,3143
1163,9q8zn0p00tud,2927
1164,9q8yxh1jx8bn,78
1165,9q9p3dh0xfsd,5238
1166,9q8ytdx9p71z,3813
1167,9q8yyqpvbm8q,4277
1168,9q9p12x1sv14,5205
1169,9q8yy2rg822q,1704
1170,9q9p38t9yrrb,4666
1171,9q9p3wz0j176,4211
1172,9q9p3xffcrc3,4826
1173,9q9p40dp6xkp,5379
1174,9q9p4h65fxsp,4127
1175,9q8ywvupu3hd,5115
1176,9q8yj3unfrx7,3051
1177,9q8yvyfthx27,1260
1178,9qbbh1fedq9p,3261
1179,9qbb4fegp23k,5355
1180,9q8yyqpb0722,4087
1181,9q8yy0w336fg,207
1182,9q8yvypjbmdq,5307
1183,9q8ytqyuztju,3932
1184,9q9p1u6gcxex,2958
1185,9q8ykz724xc3,5424
1186,9q8zjc68uw8r,2713
1187,9q9pbpqrgzk7,479
1188,9q8yt4twbv8k,5093
1189,9q8yy0d9kffe,3784
1190,9q8yuvxsqq7q,3023
1191,9q9p3ujwqzd0,4595
1192,9q8vkpw4wgc6,5145
1193,9q8zn4jw44c3,3429
1194,9q9p19174sq1,4713
1195,9q8yt1cpsgyx,5094
1196,9q8yu2wznmm1,4051
1197,9q9p1d1268q5,3223
1198,9q8yvdtx1ruf,3476
1199,9q8vyzccn6xs,3293
1200,9q8ymjnfr6gf,4992
1201,9q8ytb83n8em,5499
1202,9q8yyprwxyw4,5396
1203,9q9p8gmxt816,2831
1204,9q9ncdvtn6pz,1084
1205,9q8ytduhfb19,5089
1206,9q8ynk34wwcx,5515
1207,9q9j8qrf4v1u,4514
1208,9q9p3qnqt6p6,3922
1209,9q9p31vdvb5s,4207
1210,9q8yjzhzfmt6,3236
1211,9q8yyczzbyhv,5421
1212,9q8yvvrwxsh1,3324
1213,9q9p3rk1x8d3,4659
1214,9q9p4ntxxphk,4665
1215,9q9p1y93gh8q,3548
1216,9q9j8qf58kke,4560
1217,9q9p1d5w0dg1,4155
1218,9q8ze6hwxppm,1121
1219,9q9p0uspwuw4,285
1220,9q9p44uvru6w,4667
1221,9q8yvycvjpqg,4299
1222,9q8ywen69frq,5131
1223,9q8zzue6y2ex,2939
1224,9q8yjj4xge1c,5000
1225,9q9j9qhuqfsn,5267
1226,9q8ytvn69j08,2776
1227,9q8ytj6w79cf,3775
1228,9q9p49qqz14k,4684
1229,9q8yv4w32j6j,1649
1230,9q8yt6wqbmsk,4325
1231,9q8yyz3nxntf,3074
1232,9q9p45p5jwze,3896
1233,9q8yv8x124b5,4874
1234,9q8zzdu0t2e5,5401
1235,9q8yj9b3nm1m,3072
1236,9q8yqjv9dh3r,5501
1237,9q8yypuf6ert,3333
1238,9q8zn1je4h33,3091
1239,9q9j3rkhz96m,5282
1240,9q8ysrds4wg3,3821
1241,9q9p17451wve,4617
1242,9q8yyer09r0f,4280
1243,9q9nckszqfkh,4593
1244,9q8yw5ts419q,4727
1245,9q8zn9sue7ec,5442
1246,9q8ywwuhuj4k,5602
1247,9q8yym4dvphy,2995
1248,9q8ythdx581y,5339
1249,9q8yysuv5kgc,3621
1250,9q8ywsjtd8vw,2897
1251,9q8yvmfd7bu5,4438
1252,9q8ywjmw61c6,4102
1253,9q8ykvuc9hkx,4459
1254,9q8vyvn3dq3t,4537
1255,9q8yufhvc0sd,5077
1256,9q9p1qymt3x3,3114
1257,9q8zn31gju71,3178
1258,9q9p61ducvtz,4118
1259,9q9j3rbw70dj,3880
1260,9q9j2g8d6qtz,1467
1261,9q8yyhfthuf9,4364
1262,9q8yszr8w3gr,3930
1263,9q9p19wktg99,2763
1264,9q9ncs8x76kk,4717
1265,9q8ymqt8cn4s,1731
1266,9q8yy6k5eg00,3039
1267,9q8yttf9unwm,1295
1268,9q8yw58knctw,5321
1269,9q9p1yfjd39c,886
1270,9q8yvzvd3erj,2711
1271,9q8vz7u0vj8c,1729
1272,9q9p90cmfn39,4170
1273,9q9p3hmsmcgw,4189
1274,9q9p3sxfhkkg,3913
1275,9q8ytb91jbtj,4750
1276,9q8yszg6491q,3934
1277,9q8ywemw4xm9,4312
1278,9qbb438241uv,5189
1279,9q9p3r0een4h,4180
1280,9q8vv7cntrby,410
1281,9q8zunyyw055,4229
1282,9q8yyqrgb207,2827
1283,9q8yw53yjx2c,4730
1284,9q9p3pbdfzb1,3539
1285,9q8zn8erkz2x,3966
1286,9q8zjbsz6rmr,3981
1287,9q9pbn412h49,2880
1288,9q9pbc3r9xxq,5520
1289,9q8ytsvsc6sg,3737
1290,9q9p3fp0t6t6,885
1291,9q8yy8d9m6z5,82
1292,9q9p4ncme3d3,3120
1293,9q8yyp15n1z2,2694
1294,9q8zn2cjq9cs,4395
1295,9q8ynrn61ejj,4494
1296,9q8zs16x6m90,3403
1297,9q8yvbwr1j29,3989
1298,9q9j90dj9676,529
1299,9q8yy99uq1m7,3707
1300,9q8ywx14wzed,2673
1301,9q8yvz15jcv0,3035
1302,9q8yyduv565z,4265
1303,9q8yuth4cx0y,3804
1304,9q8yytzf28fe,4262
1305,9q8ywnme6jcm,4882
1306,9q8yvwj817kb,5529
1307,9q8yjuuu4qjq,2700
1308,9q8ywqr52vyv,4917
1309,9q8yuy77f817,3790
1310,9q8ywp56sps6,4376
1311,9q8ywnw3326f,3726
1312,9q8zdpevqrdf,950
1313,9q8yth9phbnw,4926
1314,9q9p3nujz78r,3341
1315,9q8yy59hq5zk,3754
1316,9q9j2jx4e1q1,5034
1317,9q8yte22qkck,4062
1318,9q8yt0kg1qqb,2895
1319,9q8yte68khyk,3812
1320,9q8yymfdm0ug,4295
1321,9q8yvgwk35bs,2891
1322,9q9pbjmxusff,3043
1323,9q8zs19v4zzm,3404
1324,9q8ynqfsm0ub,4076
1325,9q8zn827zddh,1244
1326,9q8yydjtf8td,650
1327,9q8yn6w23wv4,3053
1328,9q8yuvds7nrw,3789
1329,9q8znc22zysr,5176
1330,9q8yt1qq0hdp,210
1331,9q8ywwdxj6xp,2768
1332,9q9p986u3r13,4813
1333,9q8zn8dxmrrp,3965
1334,9q9p167ebm0y,3149
1335,9q8yw2w318tj,5328
1336,9q8ywhq7376g,4304
1337,9q8yxjqq69gd,3185
1338,9q8ywqrg2mbm,5603
1339,9q8yy7rn8cqz,2973
1340,9q8yy41jy0x6,3672
1341,9q9p1dmeympy,3222
1342,9q8yvp1gh3b0,4388
1343,9qbb5st7nfgq,5592
1344,9q8yvu77evd1,2926
1345,9q8yw8dwv7p4,4480
1346,9q8vxzp16ygc,1735
1347,9q8ymrccsx42,4455
1348,9q9p3gq3q57y,3541
1349,9q8yvfpjb2d6,3679
1350,9q9p1889emh6,1559
1351,9q9p44ymqkqn,3209
1352,9q9j8zb8f2my,3868
1353,9q9p1mesb28u,4210
1354,9q9p4j3qgq4r,612
1355,9q8zn3eks7w3,299
1356,9q8ytgkb6kvk,3724
1357,9q8yv0dx5t3c,4780
1358,9q9j9rqmj7x7,5015
1359,9q9j3uhgztbx,4568
1360,9q9p2tjet5x5,4845
1361,9q8yvdjtc2sf,4767
1362,9q8yvuhjg55u,3649
1363,9qbb5drthvbr,2654
1364,9q8zj1kyc3nu,4390
1365,9q8zguuwrvef,5201
1366,9q8ywtczy1j6,4904
1367,9q8yv883q6c7,1294
1368,9q8zn66evjhy,3436
1369,9q8yut14ur4n,1777
1370,9q9p9nhcn9cg,2174
1371,9q8ywdykcbp3,4934
1372,9q8ytjsh4hm0,5546
1373,9q9p36dpcsjx,3552
1374,9q8ywyxz0fsz,3644
1375,9q8yv71fusdm,5333
1376,9q8ykekb0fdm,4978
1377,9q9j82sjw63d,5263
1378,9q8ysxfd4cjq,4932
1379,9q8yvyp8pek0,2983
1380,9q8yvu9pmfmh,4836
1381,9q8yvj56fz5w,5370
1382,9q8yy49zjxbf,4366
1383,9q8ywnk57mvv,4920
1384,9q9p18jwn2pz,3198
1385,9q8ykz22jrf9,3788
1386,9q9j9mf09tvs,5264
1387,9q8ytccptgvp,2898
1388,9q8ytzzdp9hn,4884
1389,9q8yhzv92ky6,5147
1390,9qbb7053b2cc,3227
1391,9q8yusgm4hz1,3801
1392,9q8znb1np0jz,2781
1393,9q8ymr06mvr5,4760
1394,9q9p19gd2tgn,2882
1395,9q9p2bpy76qm,4194
1396,9q8znb02pvu6,2930
1397,9q8ywjpdxvn0,4751
1398,9q8yypshe2vz,2919
1399,9q8yuvzdq2g7,3470
1400,9q9nfr6ndyw6,5042
1401,9q8zzyxff5m9,3599
1402,9q8yyqym1xm5,1245
1403,9q8yyfd9mv3j,4041
1404,9q9jb26dpxwm,4550
1405,9q8zzey77r04,4142
1406,9q9p3ec6fdwn,2349
1407,9q8yuy10hek2,3792
1408,9q8zn0pwpbnp,4088
1409,9q9jb2be9ycm,5011
1410,9q8zzvmxukbd,2863
1411,9qbbk4bqurkj,1115
1412,9q8yynscddx8,3960
1413,9q8zn3tsd7e3,3181
1414,9q9nfszjnku1,4687
1415,9q8vryq3gdfm,1750
1416,9q9j9tkvp1n6,5017
1417,9q9pbqubtteq,2841
1418,9q8yywbmpx65,3173
1419,9q8yy14duf4e,4881
1420,9q9p4he9c4pm,3226
1421,9q9p3f2s5xqs,5235
1422,9q8yumky8s01,4072
1423,9q8zezv7r1vx,2133
1424,9q9j8m133h5p,5255
1425,9q9p16fj3smw,4190
1426,9q8yydujh44r,4919
1427,9q8zzy132kn9,2866
1428,9q8yv4qgx75b,3466
1429,9q8zu5y5qz16,4844
1430,9qbb7zswry5v,5158
1431,9q9p3mm9qnjb,2935
1432,9q8zj9kbfnep,3077
1433,9q8yn290qs39,4534
1434,9q9p366h1xms,4635
1435,9q8ywychzjju,5467
1436,9q9p99k1xghe,3366
1437,9q8yjphpfjt4,1741
1438,9q8yyz8kxbur,3401
1439,9q9j2uugnpxs,5058
1440,9q8yvzn711b8,4297
1441,9q9nfr3qewsd,5385
1442,9qbb5r4s9kdx,5156
1443,9q8zn16wuc4s,3642
1444,9q8zn3r0bywz,2772
1445,9q8yxhvsg6d5,5573
1446,9q8ytcqq1h8x,5488
1447,9q9p1qzjsc91,3126
1448,9q8ywvdsju30,3186
1449,9q8ykb0mj3ds,4497
1450,9q8ykzhf3jke,2451
1451,9q8yt8fssjw2,4916
1452,9q8yvs8rq63k,3465
1453,9q8ytgb3ys57,3746
1454,9q8yyh83qzvw,5418
1455,9q9ncs1248wp,5391
1456,9q8ytz3bt1yz,3688
1457,9qbb5bqjn7rj,3095
1458,9q9p39esbtep,3279
1459,9q8yywym1zr7,3442
1460,9q8yjzhpgjef,3414
1461,9q8yvs9pmd6u,4350
1462,9q8ytpcpugws,4782
1463,9q8yy7h4gu8j,4446
1464,9q8ytgn6942w,3774
1465,9q9p1ypnjrvk,3123
1466,9q8zekefrytc,3400
1467,9q9p38588850,4645
1468,9q8vxqkfhm4s,5433
1469,9q9p15du8whg,4158
1470,9q8zn1dssgd9,3638
1471,9q9p13ff2vzn,3152
1472,9q8yy1y617fb,4369
1473,9qbbe9cu675h,5153
1474,9q8ymxfxs1qm,5503
1475,9q8yvvr8z9s5,3616
1476,9q9p166gbvpn,286
1477,9q9pb84nbwyf,4134
1478,9q8yu89z5t7c,5070
1479,9q8zzf53nqgw,2851
1480,9q8yyxvd6emt,3017
1481,9q9p3xy6vzc9,4827
1482,9q8yvn9cs680,3014
1483,9q8yvz575cf0,4291
1484,9q8zn4nq16fc,3423
1485,9q8zn202pjzf,2901
1486,9q8ysqwpp4ex,5341
1487,9q9nfhvtphu3,1082
1488,9q8ywfykf219,5585
1489,9q9p38vtwkpf,2757
1490,9q8yhtkv8v6q,3247
1491,9q8ytxxh0nb1,4870
1492,9q9nft6bf9d5,4697
1493,9q8yvyr5b247,3488
1494,9q8ywnjtd53r,4735
1495,9q8ywyr53tgj,5367
1496,9q8yw2yk9tt0,5140
1497,9q8yvmqbz9tg,3460
1498,9q9j9tuyx0q3,5279
1499,9q8zkpg6cxf9,5167
1500,9q8yvnx9wdt2,3019
1501,9q8ywyzubvhu,5124
1502,9q9p16n2m2r7,608
1503,9q8yvgxh27fk,5310
1504,9q8zn0hy48px,165
1505,9q8yt80mq7c7,5345
1506,9q8zj915js6c,3456
1507,9q8yw3r02fqf,3835
1508,9q8yv756ghtt,5334
1509,9q8yv8hvdn51,4871
1510,9q8yxjjdem40,5358
1511,9q8yj3gqgpte,233
1512,9q9p1y1q5pbk,5526
1513,9q8yyz9uw2zx,3959
1514,9q8zn4hy4dz9,3876
1515,9q8ywrzf030q,5604
1516,9q8yudjtb0s4,4110
1517,9q9j9jbwdb21,5545
1518,9q9pbn4xpqkn,2873
1519,9q9pb6hzj977,2872
1520,9q9p1e2953k2,3566
1521,9q8yy4gmh4hr,4371
1522,9q8ytj2qm9uf,4106
1523,9q8ysf35k8u3,4429
1524,9q9p4pdhfehn,4138
1525,9q8ywjv9fn9m,4890
1526,9q8yw7r02uyu,1630
1527,9q8yyrq2csjj,963
1528,9qc0006tp7kj,3593
1529,9q9p1dymmu3w,2912
1530,9q9p3wp0tpem,2839
1531,9q8yvzfdke2m,4288
1532,9q8yyreks2yr,2815
1533,9q8ykftw87qq,3844
1534,9q9p98fjcyr9,4803
1535,9q9p145qpfy9,2731
1536,9q9p2bkunhze,1080
1537,9q8zj0yvr3gu,1292
1538,9q8zn010njz6,4032
1539,9q8yubptwq53,4778
1540,9q9p3zk380wc,4619
1541,9q8ytksz1b1n,5336
1542,9q9p16nqj6z3,3563
1543,9q8yvzsud2vr,4293
1544,9q8ytucuv4wg,5320
1545,9q8yyehfgkev,3697
1546,9q9p45c6e2d2,322
1547,9q9p9nh1p3b7,5221
1548,9qbb765r8tu0,5159
1549,9q9p65dj48k1,4643
1550,9q9p3zhgxw0s,4624
1551,9q9p3gqrnjgu,3553
1552,9q8vymzyb62r,2691
1553,9q8vzj1cwy3v,4963
1554,9q8ysr30eczz,4939
1555,9q8yyucjphvc,5126
1556,9q8yywcjnz7e,3826
1557,9q9pb9xjef4s,2539
1558,9qbbebqjwrz4,5151
1559,9q9p1uex8ut4,4119
1560,9q9pbn3m0bbu,2740
1561,9q8yy7qq99mp,206
1562,9q8yqrgrs3qm,3830
1563,9q8zmq94jqbv,5210
1564,9q8yy5u45qmf,5312
1565,9q9p13ryu14u,3212
1566,9q8zzds4tq5n,4148
1567,9q8yvtkydh51,3481
1568,9q9j2rpngx02,2245
1569,9q8yy330ws98,3700
1570,9q9p3n2s6u2p,3527
1571,9q9p8xemrrd4,3379
1572,9q8zn277u6wk,3967
1573,9qbb5fjrr5td,5595
1574,9q9p30txvcet,4201
1575,9q9p1fjwnff1,1056
1576,9q8ytpk0d1vp,5083
1577,9q9pb3vekut1,3357
1578,9q8yytsu7q7y,4358
1579,9q8ytb35jym0,5500
1580,9q9p1m4539ms,3958
1581,9q8ywq1vtg7p,4756
1582,9q8yvx30vs4v,534
1583,9q8ywkykcdt5,652
1584,9q8zn8pb0tfd,3137
1585,9q8zjbbmq9gk,964
1586,9q8zkmqzq2mj,2137
1587,9q8yuugm4sc3,3943
1588,9q8yu3wuq3m5,909
1589,9q8yuker3fku,4065
1590,9q8ymhzsw8mm,4991
1591,9q8yumsh3nqw,5107
1592,9q8ystk03x2v,4538
1593,9q9p1thgr1qk,3346
1594,9q8ysmsh1hq8,5344
1595,9q8yvqk5f2p7,4301
1596,9q8yyr07p1zb,3322
1597,9q9p1rh5refq,4581
1598,9qbb5cwjykr4,5596
1599,9q8yud1ju2d4,3777
1600,9q8yv6wr0ru6,4764
1601,9q9p1rmxn0vb,4577
1602,9q9pb3q3ujq9,2876
1603,9q9p1kp0kfcj,3564
1604,9q8yyumedvxc,1299
1605,9q9p3rzfupfc,1525
1606,9qc006x5582k,3925
1607,9q8zzzdtz1f0,2953
1608,9q8vzhc5zs00,4962
1609,9q8zztqrgkb4,3104
1610,9q9j8rjxkcjn,4549
1611,9q9p14d19re7,3111
1612,9q8yjqe2e5vt,5428
1613,9q8ytzky6kmk,4886
1614,9q9p3hrhk3yy,2911
1615,9q9p3qu0p966,2833
1616,9q8ytckn5hez,5492
1617,9q9p1wzjt1e3,3125
1618,9q8ywejdddmw,1944
1619,9qbbpsrv3be2,5405
1620,9q9p17jennvg,3569
1621,9q9p45m9p1k2,3892
1622,9qbb5trdku87,5168
1623,9q9jb1nr7gsr,5012
1624,9q8yttfxu1n6,4413
1625,9q8ysx3y7s7u,3942
1626,9qc0000x33p0,2956
1627,9q8zn96wv3ph,3444
1628,9q8zndhy56gc,5177
1629,9q9p34jwmugx,4644
1630,9q9p3qpnsf14,3274
1631,9q9p196bcq9r,4718
1632,9q8yt8me1qkb,2896
1633,9q8yy4hjg2tf,4399
1634,9q8yvgq29p0d,4354
1635,9q8yt4bkv8hc,3008
1636,9q8yy9fdj7z0,1703
1637,9q9p1vy6w55c,3583
1638,9q9p1qpnhzch,3158
1639,9q8ym8e2eqrz,4493
1640,9q9p46btkk6y,3519
1641,9q9j92kzwzuh,3884
1642,9q8yt3qq0ksr,4326
1643,9q8yw1ucf9xd,4320
1644,9q9p3erck7ky,3536
1645,9q8zn627zjpy,3171
1646,9q9j3w33fdyj,4571
1647,9q9pb3zg6u9c,2869
1648,9q8ymhyux27v,1739
1649,9q8yw49nyjxk,4741
1650,9q9pb769zxy7,2741
1651,9q8ysxyfn9pq,5073
1652,9q8vzh34rsb0,4541
1653,9qbbpu53w7ew,2420
1654,9q8yyfxp1xg4,4043
1655,9q8yswzsyj1h,4941
1656,9q8zu5rxv6k8,4607
1657,9q9p1x7x08g0,3890
1658,9q8ywhk577mg,4724
1659,9q9pb1be3kx1,3381
1660,9q8yyr7qsqw6,4020
1661,9q8zs5k18vsm,5291
1662,9q8yvnptyttq,3718
1663,9q8zn25qh2nr,4830
1664,9q8zzyjxhq2w,2753
1665,9q8zggc57r5d,5197
1666,9q8yy0x9rfy5,5420
1667,9q8yte30msfu,5445
1668,9q8ykfsy95kw,3848
1669,9q8ywucuy6xe,4101
1670,9q8yyzshs2ux,4204
1671,9q9p9g29etwt,97
1672,9q9p1e6c1332,5170
1673,9q8yvmb6mbz5,3713
1674,9q8yjj5rfg59,5430
1675,9q9p1bpnj2jr,4685
1676,9q9p1udccd5t,3124
1677,9q8ytxwk0wy9,3663
1678,9q8zn3m8fqer,4033
1679,9q8zu05qcwfd,5186
1680,9q8zn1wk97dc,3637
1681,9q8ytuykc48e,3678
1682,9q9nfhk78t91,4213
1683,9q9p16vtqhmy,3514
1684,9q8zj98kw793,5536
1685,9q8yvfhjg0ef,3990
1686,9q9p9r1k427f,5223
1687,9q8yywftjrr5,3797
1688,9q8zn6w39xt5,3446
1689,9q9p18xpmp7r,3196
1690,9q8zj11ghk21,4393
1691,9q8yy2sc74cg,5100
1692,9q8ywd8qztdh,4744
1693,9q8zjfq7cj0w,4831
1694,9q8yxj1fwv1b,3184
1695,9q9p3er1m57q,4601
1696,9q8yte727kzu,4435
1697,9q8ywusc5ty0,2771
1698,9q9p3cc6g00k,4003
1699,9q9p378t5061,4626
1700,9q8yww1vw5mr,3294
1701,9q8yvw48h5q2,3454
1702,9q9p398sgmsr,3112
1703,9q8vz9den8xf,679
1704,9q8ywgekj1dy,5589
1705,9q8yvwhb4570,3461
1706,9q8ysgucchhe,661
1707,9q9j8zsfynp8,1455
1708,9q8yssd94vv2,5112
1709,9qc00b7mpekm,3601
1710,9q9p3kd41sme,3364
1711,9q9p4jh7293h,3582
1712,9q8ykezxqh34,4527
1713,9q8yyh1bj88z,2314
1714,9q8ywkt94mg2,3712
1715,9q8vzcnr7edr,3756
1716,9q8yyugmjhfc,3415
1717,9q8ym522jdsv,3497
1718,9q9p45hgpyfe,3207
1719,9q8ytkwr02hq,4928
1720,9q8yy7b6pnrf,4734
1721,9q8yvjg66bge,3090
1722,9q8yu89c7dgg,5074
1723,9q8yvzqq9n8d,2778
1724,9q8ykgte8rw2,541
1725,9q8zegwjq6rp,2127
1726,9q8yk8ptn19h,4495
1727,9qbbk0p9v2u9,5166
1728,9qbb47m6m603,5188
1729,9q9j6817gbyu,5249
1730,9q8yy88rpt61,3991
1731,9q9p3hru7cbw,4653
1732,9q8yw7uzen9c,3736
1733,9q8yt2renyr8,4328
1734,9q8ywrhfep9f,1706
1735,9q8ytscuufse,5495
1736,9q8yvzkbfkjm,3977
1737,9q8yy627x5pb,3318
1738,9q9j91094z0h,5278
1739,9q9p1qvtw1tc,3957
1740,9q8zn1sudex9,2714
1741,9q8zn2zv23bk,4848
1742,9q9j8m6j03hd,5025
1743,9q8yymz42byg,3635
1744,9q8yvk9ckxfq,5477
1745,9q8yy9jdfdje,4875
1746,9q8yy6gmh6nr,3708
1747,9q8vzcpp6gez,3406
1748,9q8zkmmrrb3v,5219
1749,9q8yyxcfq5mm,3285
1750,9q9j92kpxxfk,684
1751,9q8yy6pvb286,2979
1752,9q8yvhxxqdmk,5064
1753,9q9p1m7wbq0z,3887
1754,9q8yvvfdk8b7,3996
1755,9q8yuwh01e2b,3817
1756,9q9p90hbyd1y,4171
1757,9q9p1rhgqgun,4580
1758,9q9p1s65czxx,3962
1759,9q8zzdqkg7b1,3041
1760,9q8yvc7q7yfn,5478
1761,9q8yweczwnt3,4322
1762,9q9p1693dreg,3157
1763,9q9p3vkzr82t,843
1764,9q9p3q12drev,2845
1765,9q8zj9qqb9ns,4256
1766,9q8ytj687x3v,4927
1767,9q8zz8hchskv,3080
1768,9q9p1usczd0t,181
1769,9q8ywvccyqxt,3715
1770,9q8zn8mefdts,3971
1771,9q9j3rs4xef6,5281
1772,9q9pbc29fmmc,5521
1773,9q9p3xrcs2sc,4829
1774,9q8yvhft5scc,3472
1775,9q8yyrkney84,4023
1776,9q8yym06zppy,4278
1777,9q8yvydxksbm,4296
1778,9q8zj9pepk3c,3012
1779,9q8yu31fg61e,5452
1780,9q8yubfsgpxw,5102
1781,9q8yyw0mztdn,5137
1782,9q9p99be56k7,4154
1783,9q8ympuz93qv,3755
1784,9q8yy0e3k4u7,3676
1785,9q9j2jrheny5,5036
1786,9qbb5rpsskwp,3087
1787,9q8zzzemy3g8,2955
1788,9q8yyeb6pw64,4471
1789,9q8yw5u1gkjg,1629
1790,9q8yn0hudxrw,4536
1791,9q9p3vu6bjqb,4622
1792,9q8yud91km6j,4113
1793,9q9j90u5rk8r,3419
1794,9q8zke57d1p1,4271
1795,9q8ytdxwzm9u,858
1796,9q8ym8kffh54,5510
1797,9q8ywjf9uydt,3994
1798,9q9p419ke7d3,3511
1799,9q9j8sjsm0pj,3863
1800,9q9p9cvenf65,3523
1801,9q8yyxqq9yx6,2720
1802,9q8ysv22mr6t,4921
1803,9q8yvqn207k2,3469
1804,9q8zn6scep9g,4841
1805,9q8yw372k6q6,5326
1806,9q8yuw5245r0,3822
1807,9q9p8n7kwwtv,4802
1808,9q8yhynhzxpg,2823
1809,9q8yjzh4555v,4958
1810,9q8ywhsp52jy,4307
1811,9q9nfhscrzfw,4214
1812,9q9p3pn7tnjk,4657
1813,9q8ynxgrhz0x,3391
1814,9q8ykz3b5zy1,4498
1815,9q8yyqerkkym,9
1816,9q8ynk1hys99,5514
1817,9q8yv51fuk8j,5559
1818,9q8yw9kb767f,3731
1819,9q9p3vufzt28,3277
1820,9qbb5s7m2bw2,3262
1821,9q8yvzz4276m,3330
1822,9q8ywg4dtf3n,3765
1823,9q8vukwyn3t5,4525
1824,9q9p4hhypv6d,3891
1825,9q9p2svtv1pj,4613
1826,9q8ysvr8qr7m,4784
1827,9q9p1xp5m5gq,3121
1828,9q8zzf3uzgb3,2840
1829,9q9pbpbe9kpn,5407
1830,9q8ytcsgfrjm,4321
1831,9q9p1dhbr0q7,2861
1832,9q9p9hqkthjk,109
1833,9q9p3vet0fv4,3915
1834,9q8yyybmpzk7,3146
1835,9q9p1x4g37cq,4006
1836,9q8yx7kyhr69,5567
1837,9q9nct9k6wqn,3122
1838,9q8zzfddxn4n,3044
1839,9q8yq322p0pu,1446
1840,9q9ncm44cxjw,5392
1841,9q9j8gunqvy0,4518
1842,9q8yw9z1c38f,5460
1843,9q8yw2uhev80,2320
1844,9q8zn2k5gf8h,3968
1845,9q9nf7bdhq6f,2762
1846,9q9p152wfg8j,5576
1847,9q9p40kgzfds,4678
1848,9q8yyqhvgj9y,3471
1849,9q9p1dhyp4y3,3071
1850,9q8ytrrwqurs,4408
1851,9q9p3cp5mqt2,4089
1852,9q8yyxzf2e6t,3266
1853,9q8yktkvbzdk,4985
1854,9q8yv6er5pvd,2321
1855,9q8yut2qth09,5104
1856,9q8yu3bruwnm,5453
1857,9q9p6j8th4bf,4121
1858,9q9p8f12csz2,1069
1859,9q8ymrczs96m,4464
1860,9q8ym1deescy,3495
1861,9q8yz1bxbnnm,5422
1862,9q9p8c57z8sq,4163
1863,9q8yyhhb48xx,3615
1864,9q9j8qc79h75,4561
1865,9q8yymy638v5,3107
1866,9q8zgzqpyrr5,4542
1867,9q9p3q4b8zxj,4605
1868,9q8yyzknsqsd,4199
1869,9q8zghp9k1eb,1118
1870,9q9p8qrhew8m,417
1871,9qbb5mzeu7y4,3076
1872,9q8yt89yughd,4324
1873,9q8yy922xsd0,3699
1874,9q8yntpf08ds,4486
1875,9q9p1452rbqe,3141
1876,9q8yve1fuust,5527
1877,9q8zn0q7c6du,3973
1878,9q9j3ms4x963,5286
1879,9q8zn6vt6k7q,5214
1880,9q8yvqtx3hft,4027
1881,9q8zzf0x11m5,3117
1882,9q8zn4r5bthw,5302
1883,9q8ywvc1zntv,3714
1884,9q9j91d49q7k,3417
1885,9q8yyhr58ts9,4347
1886,9q9j94ugqx3b,5055
1887,9q9pbhd4b0dx,4140
1888,9q8ywdr532bc,2985
1889,9q8ywzqq6k3s,5464
1890,9q9j8cznk5hw,5048
1891,9q9p34wrvhjr,4196
1892,9q8yt7qq0rk3,5338
1893,9q8yu8vsbpsn,5069
1894,9q9p8cm9te17,4804
1895,9q8yt3kn4kxr,4329
1896,9q8yqxczw1mm,3834
1897,9q9p9mq3v2pq,4822
1898,9q8yvbhvdqj3,3683
1899,9qc00se7p6fn,1547
1900,9q9p2vrpk0kt,3538
1901,9q8ykz6w54pw,5425
1902,9q9nbywrkugj,4715
1903,9q9j8exfg0uj,4515
1904,9q8yuvts2qqq,3798
1905,9q8ytgrwpxk1,2319
1906,9q8znbftmcch,4846
1907,9q9j8qk4nm1s,3858
1908,9q9ncs897ruq,4222
1909,9q9p1cp5jkm3,5378
1910,9q8yhwq4z3tb,409
1911,9q9j8rw6unn8,4558
1912,9q8yws4tt2zn,1271
1913,9q8vz5pp3ym3,5009
1914,9q9pb32x9z9q,4785
1915,9q9j2vh1nfn1,5059
1916,9qc011db09uv,4705
1917,9q9p1gm9nc60,611
1918,9q8yydmedej8,4042
1919,9q8yw3kn5u8p,5566
1920,9q9p9bxfk9rn,2401
1921,9q8yvvdskw2q,3474
1922,9q8ytwt932kf,4414
1923,9q8ykvy1xsrz,1438
1924,9qbbpb49rnd5,191
1925,9q9pb0p15hqj,4807
1926,9q9nfqcm5xke,4686
1927,9q8ythjt8bbq,2463
1928,9q9p6h40dth5,4596
1929,9q8yke7244xj,1732
1930,9q8vz1zy9jrh,1459
1931,9q9pb0hnvyzd,3097
1932,9q9p3vsm04yf,3918
1933,9q8yswtx04sp,5614
1934,9q9p1yd1fk9y,3434
1935,9q9p1erch3kb,4130
1936,9q9p12q7v6xk,4847
1937,9q8yymu47bb5,3475
1938,9q8yvd5mg2xf,4765
1939,9q8yw7b3zhpg,4305
1940,9q8zekqhtu4u,5215
1941,9qbb5sv2yv77,5594
1942,9q9p1u4066cv,4268
1943,9q9ncs7e8te1,4220
1944,9q8zguhp0efj,5193
1945,9q8yvz3ntyt4,1259
1946,9q8zj483txsg,3083
1947,9q9j8gpz5kn7,1454
1948,9q9pbkb89g1m,5298
1949,9q8ywnrervyj,5316
1950,9q9j8cpc5rnk,4511
1951,9qc002f0b2k8,2209
1952,9q8yumek3yky,5106
1953,9q8ysmds4s72,5474
1954,9q8ywjczv90f,1702
1955,9q9pb1xje4nh,4806
1956,9q9p4pducgjy,4663
1957,9q9p14cm6h3w,5575
1958,9q8yy2kge03y,2316
1959,9q9pbn49rkh1,2879
1960,9q8yvdsc6j7j,5528
1961,9q8vkpy0qy1r,5144
1962,9q8zn09pqprr,906
1963,9q9p3be9bzm0,3916
1964,9q8yktw5z6jc,1738
1965,9q8yv33ykwfq,4770
1966,9q8yqkzh8bqv,4966
1967,9q8yvqh047r2,3667
1968,9q8yyz30zhjv,3130
1969,9q8yyncvjx2g,5308
1970,9q8yvp07j9ub,4394
1971,9q8yymvd62g7,3103
1972,9qc000093qx5,3251
1973,9q8zn9tsdet9,3606
1974,9q8zgm760dkh,5190
1975,9q8ymngkdfgw,3840
1976,9q8ywmrn2cyf,4911
1977,9q8ywp22wcvx,4380
1978,9q8yyxknsnd6,3182
1979,9q8yw277hqq2,3829
1980,9q8vzfr46f5z,3405
1981,9q9p3yymy5ez,3271
1982,9q8yyc22xus2,5120
1983,9q8zg7wvthsm,5209
1984,9q8yn9z11m0v,2824
1985,9q8yve68spn6,3732
1986,9q8yn0zh09he,4955
1987,9q9p3trpm07m,4083
1988,9qbb5quwz4r6,3231
1989,9q8ytbwqc50d,5496
1990,9q9nf41mg2d6,3560
1991,9q8ywr22x1zz,4418
1992,9q8yxjpf9jp0,5357
1993,9q9j82qrspys,5029
1994,9q9p4n583jrr,2346
1995,9q8vyuxy0csg,3851
1996,9q8yvv06yx5q,3325
1997,9q9p3ehgx1n3,4185
1998,9q9p61ffcbju,4135
1999,9q8zzfv8s28e,3048
2000,9q8ymjn624f4,4994
2001,9q9p30szy99v,4193
2002,9q8ykt724jpp,4986
2003,9q8yvq0mvvxn,3717
2004,9q9ncvbd78ye,1499
2005,9q9pb8bw607x,4797
2006,9q8zs7kc8t8j,5288
2007,9q8yufft54px,4071
2008,9q8yww35qvgt,2791
2009,9q9p3e4g9313,3555
2010,9q9p19sux5w3,3565
2011,9q8yw283p0xv,3832
2012,9q8ytxzxz79u,3684
2013,9q8yufwcrj3t,4424
2014,9q9p369rfk5z,3546
2015,9q8ytdx1050p,3923
2016,9q9ndnykymnh,3218
2017,9q8zjcr8zwsp,4281
2018,9q8ywmky71cf,5483
2019,9q8yt4t90g0r,1774
2020,9qc0034srtn6,3600
2021,9q8yufkg95h8,3750
2022,9q8zn0p8pvy4,2916
2023,9q8yvxkbfh5j,3448
2024,9q8ykgmtbmn7,3493
2025,9q8yn1p9zgw0,1723
2026,9q8yyz07pcu2,2990
2027,9q8ykz7q4d1q,4529
2028,9q8ytq6e7vuj,3941
2029,9q8zn7n71wv5,5212
2030,9q8ywkxz020q,3711
2031,9q8yy91fy4j7,2809
2032,9q9p1u4n4m3f,2928
2033,9q9p95c74hcs,1658
2034,9q8yvft93trj,2949
2035,9q8ywg68much,3764
2036,9q9p14dz8dhb,5578
2037,9q8yydnmcbx6,3693
2038,9q9p17zfs0db,3572
2039,9q8zzczg6ht9,3382
2040,9q8yysbmpsf1,1279
2041,9q9j8mxffg3z,3859
2042,9q9p4hkgzzdx,809
2043,9q9p90n2v4jq,4010
2044,9q8ywnxp0dsx,2906
2045,9q8yuvpdyr5q,1291
2046,9q8yycshk3ke,3393
2047,9q8yjjb3mdkb,90
2048,9q8ywe2qpx61,4736
2049,9q9p40s38t14,4670
2050,9q8yn6r48uqv,3300
2051,9qbb51265p7r,4237
2052,9q8zn1eks5s3,645
2053,9q9p3ckr05qf,4123
2054,9q9p36ujxwdk,4627
2055,9q9p3wx4jngm,3345
2056,9q8yw306rpzv,665
2057,9q8yvsvt1kuc,3743
2058,9q8yn2dwjnsy,4954
2059,9q9j8rubv87q,4559
2060,9q8yntdemrz5,4487
2061,9q8zs39j5zzv,5522
2062,9q9p8qmssytj,4800
2063,9q8yhzcc7uy4,4496
2064,9q8yt3y3b3s6,5096
2065,9q8yyqr5bbng,4454
2066,9q9p4jq3n7y4,4668
2067,9q9j8fkfn0p9,5046
2068,9q8yywrgb84e,3040
2069,9q8yvzcfm5qv,2887
2070,9q8yu2dx4t73,4945
2071,9qbb58kj072j,5174
2072,9q9p6j3r726m,5297
2073,9q9p1ywrwp5u,284
2074,9q8yvshb40ep,646
2075,9q8yy7ekk7yk,5314
2076,9q8yyh77sjs3,5086
2077,9q8yyq9ctfe0,2915
2078,9qbb433f0z2p,2130
2079,9q9j9hq6j4t6,5272
2080,9q8yhb90ksk3,4502
2081,9q8yn64sv4hb,3054
2082,9q8yw46ekbf9,4733
2083,9q8ytcrwpssp,5486
2084,9q8zzujxh7bt,4139
2085,9q8yyzkbgsnj,4200
2086,9q8zzdkuueuc,4146
2087,9q9p370ee141,5387
2088,9q9p3q8d5nfj,1072
2089,9q8yvwhvfjen,4036
2090,9q9p3wpys6hf,2937
2091,9q8yubzsyreq,5075
2092,9q8yyb83rfu7,5121
2093,9q8yn1pxxvyn,4953
2094,9q8znbscetn4,5194
2095,9q8zn2xc8m06,4272
2096,9q8ykcqjzdxc,1740
2097,9q8yw8equg0d,4481
2098,9q8yyejdfstt,3696
2099,9q8yn0eqhnsq,3389
2100,9q8ywjk07rmv,4752
2101,9q8yw635q8c9,1783
2102,9q9p3sruk3uy,5349
2103,9q8yym9umy7n,1246
2104,9q9j8gs4ybyj,4520
2105,9q8yxj3bqz3v,302
2106,9q9p9b7s2zj1,5393
2107,9q8zn0ztrcyh,452
2108,9q8zzwpp4w3w,4790
2109,9q8zu0hc0hqj,4264
2110,9q9p14dc8xsg,2732
2111,9q9nfhhmbe1h,4216
2112,9q8yv4bmjdhz,5561
2113,9q8ywsbkzdd5,4311
2114,9q8yxhd9njg2,2769
2115,9qbbj1b7twsz,3161
2116,9q8yyczpcw5j,4367
2117,9q9j9tf09vzs,2247
2118,9q8yny9yqqre,4488
2119,9q9p90p0u6ny,4651
2120,9q8yvdcvhfhx,5087
2121,9q8ytzy6110w,3686
2122,9q9p3utxyyf0,813
2123,9q9p94w6mhj2,1522
2124,9q8yvqsp6kzm,3320
2125,9q9p3vk32nnb,3917
2126,9q8ywer03kbu,4337
2127,9q9pbn7mn8vu,2755
2128,9q8yykcjnsc9,2952
2129,9q8yw8gksv88,5564
2130,9q9pbjqrguu6,4084
2131,9q8yvgsu67vk,3995
2132,9qc01053rywe,5537
2133,9q8yyzfdmg3j,5613
2134,9q9p3qg8032f,2830
2135,9q8yy78kr5zu,2315
2136,9q8yyk9pqd3s,2921
2137,9q9p8cempxum,4161
2138,9q8yys9zq4mk,4858
2139,9q8yy3zf07b2,4894
2140,9q8ym6qfzwtg,3235
2141,9q8ywrczvgeh,4902
2142,9q8yvw8rqkcm,4302
2143,9q9p3hhbwt1g,4805
2144,9q9pbp8tc3z0,3378
2145,9q8ysu27m76e,4923
2146,9q9p1t5e297h,457
2147,9q9p4j29h5bf,3589
2148,9q8vs4sj8uu7,5149
2149,9q8ywnsz4dxx,4368
2150,9q8yw530qhzk,4731
2151,9qbb703j6mt5,3229
2152,9q8yudvt04hp,4109
2153,9q9p1dxcsrsg,610
2154,9q9p4nh22t3p,5373
2155,9q9p93f51dme,4649
2156,9q9ncsr5tje3,4633
2157,9q8zn1pepuq1,3327
2158,9q9p3fkk0pqu,5237
2159,9q9p30hyqd3v,4192
2160,9q8zn0nq124z,3102
2161,9q8zgg8msh9v,5195
2162,9q9p6n40dxsj,3590
2163,9q8ywe3nnz79,5138
2164,9q9nfwrgv8je,4676
2165,9q9ncs0tg7hk,5390
2166,9q8yst6w6cv6,4058
2167,9q8yyw9pqugt,3028
2168,9q8yn0fshc4e,3390
2169,9q9p93ven4mg,1524
2170,9q9p33kppe66,283
2171,9q8zjbtx3xrp,2734
2172,9q8ywsnm9bzq,2775
2173,9q9pb6zbdb9g,102
2174,9q9p1r334q7g,4576
2175,9q8vz99gp2w4,3850
2176,9qbbpcfexndp,4019
2177,9q9p38txy3xv,3575
2178,9q9p1d4y16c3,3516
2179,9q9p1t334ey4,3373
2180,9q8ynw9nqy7e,4484
2181,9q8yvbfsux8q,3685
2182,9q8yyhbmnuv9,2888
2183,9q8yw9h4kpfm,2994
2184,9q8yyw35yb5e,2828
2185,9q8yvzxh82fr,2312
2186,9q9p92qkmrp3,4660
2187,9q9p13u4rtfq,3562
2188,9q8yw03gjw2b,5504
2189,9q9p41175k63,2347
2190,9q8vzpfwyj53,3060
2191,9q8ysqzsvtnu,2323
2192,9q8yme4dk0q2,408
2193,9q8zn4pn0du9,2311
2194,9q9p8xsjqxef,1047
2195,9q8zn8nq1bpr,3108
2196,9q8yyeuf5q7f,5123
2197,9q9p9933den5,3367
2198,9q8yufsc3jkt,4422
2199,9q8yyv4dvz1n,3284
2200,9q8yw3qq1stp,5139
2201,9q9j3w29g6um,4565
2202,9q8yn3gqurw7,3853
2203,9q8yv6d97vkj,5332
2204,9q8yt2me1n68,4462
2205,9q8yvh6eet9c,3004
2206,9q9p37et022c,1516
2207,9q8zu1psj6us,4254
2208,9q9pb0h1jurt,3098
2209,9q9p1z4567cy,3547
2210,9q8zn85qhb0x,5304
2211,9q8znc07puk3,1686
2212,9q9p4pgd9jx7,4115
2213,9q9j80veksdz,4569
2214,9q8yy2e3k6y7,4913
2215,9q9p8wruensj,4818
2216,9q9p9epgu7hz,5395
2217,9q9p3txjj4g6,3369
2218,9q8yy17qknuq,4373
2219,9q8yumtkry3y,3820
2220,9q8yyg14zhtv,4048
2221,9q8yyn1bje2b,3482
2222,9q9p19ff3mcq,2855
2223,9q8zn8kgg6eu,3473
2224,9q8yvzc4mgmj,4294
2225,9q9p1dt9wrxg,2907
2226,9q8zn8vt69vs,3439
2227,9q8zkdszbu4r,5532
2228,9q8ywg8kpcsq,44
2229,9q9p3ez4v4eq,4599
2230,9q9j9tjxnqxu,5274
2231,9q8zhfreym5q,3089
2232,9q9p36zjsy9h,3529
2233,9q8zn0w39m4f,3972
2234,9q9p3tr1mn52,3363
2235,9q8znd9cwpt7,3720
2236,9q8yn7g3hrwr,3056
2237,9q8yyxwk9bzr,2941
2238,9q9p199kdew1,2848
2239,9q8yuwnbner2,1764
2240,9q9p3eq3mg3w,3554
2241,9q8zzdfwqepb,2418
2242,9q8yufsz1pud,4425
2243,9q8yhwjsbph5,4500
2244,9q8yv8pj8n01,3689
2245,9q9p6545d9h1,3543
2246,9q8zn0pn08hx,3070
2247,9q8ytst91mub,659
2248,9q8yyxkyeqef,4852
2249,9q8yvzk0gh5v,4300
2250,9q9p301q643t,4589
2251,9q8ytrsh4qz3,3451
2252,9q9p3nvtvgex,4012
2253,9q8zn20qp0pz,641
2254,9q8yy3c4nec8,1698
2255,9q8zn0rezfwh,3145
2256,9q8yyqp00gqb,4313
2257,9q9p1r611wme,4579
2258,9q8ytv3ym1yf,3187
2259,9q8ytd7772zc,5091
2260,9q8yjm0rvgp1,5507
2261,9q8yymhfgp1y,5187
2262,9q9j3w6p9vre,5037
2263,9q9ng2fugx8w,4972
2264,9q8zmvvdctr0,5397
2265,9q8ywm2qr1zf,4918
2266,9q8yu39u733e,4061
2267,9q9p8gu5nuyh,2724
2268,9q8ywjzxzcn4,1707
2269,9q8ywuuugdw5,4100
2270,9q8ysujt82yq,3762
2271,9q8yq81jnces,4468
2272,9q8yvdvt16hz,3317
2273,9q8yymk0gc85,3484
2274,9q9j8d0s4jee,4508
2275,9q8zn3q2cwtp,4034
2276,9q8zn63gvv5n,4838
2277,9q8yn7f9jpsz,4479
2278,9q8yypxsxbyp,2804
2279,9q9j8v4z0qdu,433
2280,9q8yqkzu822m,4967
2281,9q8ytfkg62v3,653
2282,9q9j9hsvwx3v,5273
2283,9q8ynr1fjg5j,1448
2284,9q9p1637fm5y,3160
2285,9q9p1f8xedn8,3144
2286,9q9j8mrv4c1f,5517
2287,9q8yyxsue2gz,1689
2288,9q9p1scm6wyp,3154
2289,9q8yyc06zfh7,5119
2290,9q8zn9mwf9js,4840
2291,9q8yufs13v6v,4421
2292,9q8yxhnmd8gw,5572
2293,9q8ytcpdrxuj,5487
2294,9q8ytnwcr27f,3938
2295,9q9p4hdpdss4,4128
2296,9q8ytpts0yb3,1771
2297,9q9p9ec74syh,4814
2298,9q8yu8uhcx8y,5455
2299,9q8vzd9bpkwh,3289
2300,9q8yveh4fu9t,3660
2301,9q8yy3hfg41g,3706
2302,9qbbh41z6gx6,3263
2303,9q8yn6xb2qb6,4078
2304,9q9p3hhnrr82,4187
2305,9q8zguun2td4,2132
2306,9q8yvbsp5j7c,3988
2307,9q9p614g3ytb,4000
2308,9q9p19kbznwr,458
2309,9q8ytj7q6cgd,3776
2310,9q8ywvsu5sq0,5114
2311,9q8yuucv5uy1,3781
2312,9q8yuw484gm2,5063
2313,9q8yn9y31vpm,2825
2314,9q8yynfthz6e,3458
2315,9q8yyry63emj,4850
2316,9q9j9rkjped7,5013
2317,9q9nfr1759u8,4688
2318,9q8yymxh2yqy,4969
2319,9q9p32qkjkz7,456
2320,9q9p32kunuu5,3336
2321,9qbbe7bk7mtt,5154
2322,9q8zjcu47jgy,2710
2323,9q8yybs1k6ue,5472
2324,9q8yyhcvjsbc,3483
2325,9q8zn2rgb68k,4273
2326,9q8zs5y5nuck,5182
2327,9q8yyx7qsy8d,4024
2328,9q9p3dhyrhyr,4661
2329,9q9p646u1zmu,4001
2330,9q9p32s1zx62,2766
2331,9q9p99kcx5n7,462
2332,9q9p8bbtfqmc,2634
2333,9q8ykf9yegqn,3841
2334,9q8vrymxsm2e,5032
2335,9q8zn0hb4tzd,3334
2336,9q8yq84tj3xh,1447
2337,9q9j8czbe2y3,3866
2338,9q9p8gvejsck,2739
2339,9q8zmqy203k6,5290
2340,9q8ywh9pn0pq,4440
2341,9qbbs05rct6s,2116
2342,9q8yvy77gb45,2787
2343,9q8yy3zzbq0m,3620
2344,9q8znb27zfsk,4251
2345,9q9p3jc6fj38,5581
2346,9q8ytgy3ch0e,4726
2347,9q8zj9y62tyw,5534
2348,9q8vz3bw8t2s,4545
2349,9q8yjs76eqzz,3499
2350,9q9p40uvrcfs,4671
2351,9q8yvgrn836r,4353
2352,9q9p1ees8w55,3570
2353,9q8yymm8f3e7,3486
2354,9q9p918t4zbj,3360
2355,9qc01441935k,4701
2356,9q9j8dxjeufe,1752
2357,9q8yv38kmcr5,4402
2358,9q8zjcmwc9ph,4283
2359,9q8yt6twcjds,5494
2360,9q8ytg6whx23,3926
2361,9q8yywvt4xme,2989
2362,9q8zkgkz1jus,5399
2363,9q8yjs4suhw3,542
2364,9q8yvjds7w3y,3827
2365,9q9p9hnqv1tr,2884
2366,9q8vu6fef97r,2504
2367,9q8ywgn6d63w,2643
2368,9q8vzh1hxd25,4540
2369,9q8yttczuchd,4415
2370,9q9p36kunzkh,1518
2371,9q8yswyhzmju,5617
2372,9q8yy7jdfkem,2982
2373,9q9j2sdj2tny,4564
2374,9q8yvy4tut8q,2993
2375,9q8vuzgqft13,4503
2376,9q8yuu1vggnh,4340
2377,9q8yu8yhzrty,4107
2378,9q9p8v9m3tp3,3609
2379,9qc000rv47rv,5229
2380,9q9p8y0943vg,4816
2381,9q9p3jdj16g6,4603
2382,9q8yyc14z4jg,1781
2383,9q8zgmdt9r4x,5191
2384,9q8ysfptqq7k,4426
2385,9q8yqxc1wz58,4482
2386,9qbbe9gk2gnk,5152
2387,9q8vuzg34d9k,1452
2388,9q8yy6cjnd1x,2968
2389,9q8yyd9cqjmm,3698
2390,9q9p45n7nqy5,3897
2391,9q8yugn4zsxv,3770
2392,9q8yvn1bh720,3716
2393,9q9j8pu0vbrw,4552
2394,9q8ywegrsy89,4310
2395,9q9p3d6h1zrs,464
2396,9q8yveuf4n74,3648
2397,9q8vxgkuuywb,2244
2398,9q8yyz2qxys6,4728
2399,9q8yv9vd17ub,3662
2400,9q8zn3z42vyy,4239
2401,9q8yyprn8wsd,2922
2402,9q9p9kg822by,1054
2403,9qbbk0ncy0g1,5165
2404,9q8yvcu455gb,2496
2405,9q9j2tzb75sn,1756
2406,9q8zyfpp1975,1653
2407,9q8zzyz0dvey,4787
2408,9q8ywsfsv6x5,2802
2409,9q8z7wqumkqx,2136
2410,9q8yyr9utbgp,2782
2411,9q8zj235v68u,4386
2412,9q8yn69nq938,4957
2413,9q8ywrjddre6,4908
2414,9q8yy1fdhgf8,3670
2415,9q8ym08qt8uu,4997
2416,9q8yvmhfcz1n,3661
2417,9q8yyrkyen9f,905
2418,9q9p1qdz8zph,4007
2419,9q9pbh6szqk4,1051
2420,9q9nftj4brpn,4691
2421,9q8ytjuzc3nf,4448
2422,9q8yy9cfn5v2,4893
2423,9q8vyzu1h6ss,3058
2424,9q9p3bj8wb40,4176
2425,9q8zzgg7qr5d,5403
2426,9q8yyr1gjcg0,2709
2427,9q8yw5sh53ty,4725
2428,9q8ykz1f7vq5,3787
2429,9q8ywn9zjd8z,4378
2430,9q8zz8pc1u7m,5233
2431,9qc0008dcmz5,4016
2432,9q9p3wymvg9x,2962
2433,9qbb7wzxhu82,5432
2434,9qbb79q4w1sy,4232
2435,9q8yvgg65y64,1682
2436,9q9p4128un8z,4674
2437,9q9p1sbt7qur,5524
2438,9q9p12xzkp6z,4188
2439,9q8ywrcfjc5n,5323
2440,9q8ynqgkk2y2,4864
2441,9q8zmqwfpwvv,5211
2442,9q8yw2chwt98,3809
2443,9q8yn6tw6372,3299
2444,9q8ytqtx14dx,3735
2445,9q8ytbgkevd0,3727
2446,9q8yyh5mu5hk,5313
2447,9q8yvu1bj0wz,4833
2448,9q9p3ju4zm22,3531
2449,9qc003dtzsq6,5228
2450,9qbb5qxehmqp,3082
2451,9q8ymksndmzr,3238
2452,9q8ywhzszfw5,4753
2453,9qbbhq9g5m3x,2117
2454,9q8yw7m86kgk,4738
2455,9qc006kjnmcx,2856
2456,9q9p3sp0tj57,2332
2457,9q9p1g790cm0,3197
2458,9q8yv6s16mrm,5330
2459,9q8ym7brmur4,3239
2460,9q8ykydwg0x9,3846
2461,9q8ytdsyfjeh,3742
2462,9qc00u53xesq,5540
2463,9q8vuc2mjq4t,1456
2464,9q8yube36dc7,5098
2465,9q9p36ruhp6u,3370
2466,9q8yvnmebb07,1722
2467,9q8yyr9hw8cx,79
2468,9q8vywvefwtd,5608
2469,9q9p1e7wbeej,4004
2470,9q9p1zzfstx5,4117
2471,9qc00mx05x02,4709
2472,9q8vzbsbhfnf,5372
2473,9q9p38fv9k16,2764
2474,9q9p993r6tw0,4652
2475,9q8yypeks0ur,4286
2476,9q9p3f1q7hbr,2212
2477,9q8yyxy63grm,4361
2478,9q8ymq3ghedq,4976
2479,9q9pc0hnzqb6,4810
2480,9q9p1d0872k7,3156
2481,9q8yvm68gcs5,2344
2482,9q9nf5r0txpd,2718
2483,9q8yve06yk9m,4768
2484,9q9p372x5jfh,4628
2485,9q8yt3yr87ur,5097
2486,9q9p3b93gp22,3371
2487,9q8yjwrdz39b,3189
2488,9q8ynhzspynn,5622
2489,9q8ytqwr06sr,3747
2490,9q9p1yrhj6m3,3208
2491,9q8ywntx449r,3675
2492,9q9p90pbgf0w,4011
2493,9q9j8psfvq10,4554
2494,9q9ncsn2jb9x,1517
2495,9q9p1dwrtf18,2722
2496,9q9p31p5kqwb,1081
2497,9q9p1y89gsww,3118
2498,9q8yypy6376v,2918
2499,9q8ystfxfcj6,3795
2500,9q9p19dh9gx9,98
2501,9q8yjr4d5ghj,5427
2502,9q8yuqt3xf9b,666
2503,9q9p1ww3vu9w,2795
2504,9q8yy6jtf2e6,208
2505,9q8yvjy620f5,4950
2506,9q8ysmek1ukb,4937
2507,9q8yhtuc2f62,2819
2508,9q8zn9c4qvgw,5438
2509,9q9ncs37dtw1,5389
2510,9q8yt1w7bp4j,3006
2511,9q8yukvmpucc,5451
2512,9q8yv9zpbn0j,1696
2513,9q8zs33p7vxb,2554
2514,9q9j90svwd3f,3882
2515,9q9p18vtq3zu,3194
2516,9q9p3zsm0jqu,4621
2517,9q8yyqxz2kbm,5443
2518,9qc00096bvbg,4015
2519,9q8zjcdsse83,21
2520,9q8yyw1vyjtq,2902
2521,9q9j8k6406sd,5516
2522,9q9j8rpp790q,4263
2523,9q8ym1sg9kyy,1443
2524,9q8zn6wr9dj0,3424
2525,9q8yther4b5w,5252
2526,9q8yvne3dfe8,3927
2527,9q8ywfgkv04c,5458
2528,9q8ytqykbmhk,3931
2529,9q8yy7z40yqf,2969
2530,9q9j2nkcv6cj,5033
2531,9q9p4cm0by9r,3224
2532,9q9p3dtxykpz,3372
2533,9q8yuzu43g6v,4392
2534,9q8yswxxn49p,4940
2535,9q9p1837fdwh,4712
2536,9q8zzy49rh41,2868
2537,9q8yt827nq32,3845
2538,9q8ywtmw69vd,1705
2539,9q8yv5nfzkev,4308
2540,9q9p18hnpbhx,4205
2541,9q8yyfbmpfhr,4168
2542,9qc007fez9q3,5409
2543,9q9p09ff2jbw,2187
2544,9q8yvn1vum8n,3980
2545,9q8yuknjz55s,5108
2546,9q8zzf130qyw,2746
2547,9q8ys7ucbs05,5113
2548,9q8yywdxmkzj,3979
2549,9q8vywwq1upk,5607
2550,9q8yvb77eb6n,3680
2551,9qbb7wwgmrwt,5431
2552,9q9nf45tc0x6,3558
2553,9q8yuv3bgcw5,968
2554,9q8ywgb3zuh7,2728
2555,9q9p18uvr1yk,3353
2556,9q9p146gbthy,46
2557,9q9p3ybtgewx,4823
2558,9q8yte3bkuus,5449
2559,9q9p36cmdqeu,3551
2560,9q8vyub7zuh2,2650
2561,9q8yywn21gr2,1694
2562,9q9j8bu5quwp,4574
2563,9q9pb1wmefhk,4808
2564,9q8yyxfdm7rj,3625
2565,9qbb7bcyfsv5,4225
2566,9q9pbk8dcb9r,4141
2567,9q8ywyme6vzv,5128
2568,9q8zknmkrkrx,4243
2569,9q8yynztpzq5,4252
2570,9q8ysmqyq3v4,3828
2571,9q9j8ztdvw12,4522
2572,9q9j9tkjpchd,5018
2573,9qbb4wcbcpfk,2337
2574,9q9p40d1dth4,5382
2575,9q9pbnvws84g,3376
2576,9q8yy77qs3qr,4260
2577,9q9p190e5kk3,3259
2578,9q8yn3pp8vyy,4960
2579,9q8zzy9fzg23,43
2580,9q9p3qhywfh4,4616
2581,9q8yumu430ye,3823
2582,9q8yveu44y3d,3310
2583,9q9pb4d48n4w,480
2584,9q9p15suww1g,5412
2585,9q9p3yb859qd,3276
2586,9q8zjfh0707g,5533
2587,9q8yvhme8v83,5065
2588,9q8zhfx9wre7,3088
2589,9q8ysyuucjhs,2951
2590,9q9p1mmwynjz,808
2591,9q8yscypxezz,1297
2592,9q9p40p0jtzd,1533
2593,9q9j8e1333tq,4512
2594,9q8yvhwzr67u,5067
2595,9q8ywp8knyv9,4883
2596,9q8ytn0mtekz,3085
2597,9q8yy93bwht2,4475
2598,9q8zgkcy6j8f,4241
2599,9q8ywqjtd77r,5117
2600,9q8ytse35mzb,3740
2601,9q8ytvq23p2t,2798
2602,9q9p44scxzde,3578
2603,9q8z7wnyt6nd,5216
2604,9q9p4nsczudw,4664
2605,9q8ymhcus22j,5429
2606,9q9p9d6h9cxd,5301
2607,9q8vzbsvuuwb,2345
2608,9q8zn6hn5fb1,3175
2609,9q9p1bzvk9zh,3646
2610,9q8yvzq2ch0t,3983
2611,9q8yn9f9jmpj,1743
2612,9q9ncw0tgmsq,4224
2613,9qc01697427u,1546
2614,9q8ywh27qgme,2899
2615,9q9p3jqrm0mm,4610
2616,9q8ytgts19xn,5319
2617,9q9nck4b0bxp,2350
2618,9q8yym6wthhc,5366
2619,9q9p16x1sz95,3567
2620,9q8yy7y61wm4,2925
2621,9q8ytux10mf2,2803
2622,9q8yvhrewtt3,3949
2623,9q9p36gt8q8u,4629
2624,9q8zuqe6cgkc,4795
2625,9q9p17du8yp5,5413
2626,9q8zn89zqpmr,3441
2627,9q8yjmyr0ksq,4996
2628,9q8zn93yy1jk,4849
2629,9q8zn84wj2pp,3036
2630,9qbbh449d31h,3260
2631,9q8ywvy3fq9t,1780
2632,9q9j9153pzns,3420
2633,9q8yjs9bscks,3498
2634,9q9p8xg7r3fp,3084
2635,9q9p34vttyes,3953
2636,9q9j3gvwngd1,5250
2637,9qbb4cps7v1d,1117
2638,9q9p617930zm,4116
2639,9q8yydcjnf5x,2813
2640,9q8yvst93ruy,3651
2641,9q9p3g297eqw,3535
2642,9q9p497wcc5u,4694
2643,9q8ysm6w69g6,4938
2644,9q8yvbk5e07y,4896
2645,9q9j8xsfvyj8,3870
2646,9q8ywfsygtwh,5587
2647,9q9p30erzcwt,4586
2648,9q8yymdsmnky,4279
2649,9q9nf1tsr1k7,3220
2650,9q8zgu1z4evj,5196
2651,9q9nfsymphf3,4212
2652,9q8vzm5rt8z7,4964
2653,9q8yytb6r8f5,4878
2654,9q8yw2gksmw2,5325
2655,9q8ytjmw2cb6,5547
2656,9q9p9g8t7dqx,2837
2657,9q8znbcjr1vu,4611
2658,9q9j8b4u074f,5285
2659,9q8yy8gkuz8w,5049
2660,9q8yywk5u047,4860
2661,9q8yvzuf67mm,4098
2662,9q9j8qjskftn,3874
2663,9q9pbdp15yfw,2744
2664,9q8ymxbrw33m,2330
2665,9q9p1ys3bhwy,3127
2666,9q8yy44tubdd,3674
2667,9q9p3gmxnvfh,4630
2668,9q8zn2w39tj4,3964
2669,9q9j3w3rdtq5,4566
2670,9q8ytpuzc7wu,5080
2671,9q8zsse66nx1,5287
2672,9q8yn1ungrtg,3395
2673,9q9p3gxjj2m3,3545
2674,9q9p3ty6vv38,2842
2675,9q8zn4hb68re,3425
2676,9q8zn3rbbq8r,3443
2677,9q9j9mfn98m9,2246
2678,9q8zz8h1jk7j,3079
2679,9q8yy1dskc6e,3673
2680,9q9p40btk1bu,5380
2681,9q8ysqer1fsz,4936
2682,9q8yvbrex8kn,5253
2683,9q8zgd491wuw,1119
2684,9q8yyqzv0r27,2729
2685,9q9p3bcmeh06,194
2686,9q8zn3pg0k23,1687
2687,9q8yskkg2e25,5111
2688,9q8zjbp00mf6,3025
2689,9q8yn2xn0ywy,4539
2690,9q8yvgr8xxh4,1278
2691,9q8yusbmjhb9,4453
2692,9q8yw035nnr2,5491
2693,9q8ywse3hvb8,4416
2694,9q9p1suvrnyr,3342
2695,9q8yw691ne1x,5129
2696,9q9p3dymty9s,2765
2697,9q9pbjttsx4z,3042
2698,9q9p9dcq48y4,5242
2699,9qbb5g6d3fnc,3094
2700,9q9pb76xzdq2,2864
2701,9q8yw8t948tt,3052
2702,9q9j8xh1qwgc,3871
2703,9q9p92hywush,5300
2704,9q9j9q4u2fxn,5019
2705,9q8vs6psjtwg,1955
2706,9q8ywuk5k7ke,2784
2707,9q9j91ruggbw,1464
2708,9q8ytqk56mzm,3940
2709,9q9p3f8xgsnx,2960
2710,9q9p4p6p48u0,4137
2711,9q8yxh3gqg3g,5574
2712,9q8yyjxsryqn,3491
2713,9q9j914p13e3,3422
2714,9q8yyqbmpprg,3305
2715,9q9p3qubnck4,4618
2716,9q8yywsce6eb,3411
2717,9q8yjm4xggh1,2503
2718,9qbbpbu0v8m2,4707
2719,9q8zjb4wh80r,1258
2720,9q8yym8krnry,3105
2721,9q9j8z53rwu3,4521
2722,9q8yvn0mvtsy,211
2723,9q9p95be4ubh,2940
2724,9q9j9puywdcg,1747
2725,9q8yubxxnm73,4774
2726,9q9p2bj8t812,4191
2727,9q9j9mb8ejfh,5268
2728,9q8ywfcuy2p9,5462
2729,9q9p3t2x72km,2620
2730,9q8zjckng15u,3641
2731,9q8yyv2qxuh3,4905
2732,9q8yy091q4z7,4879
2733,9q8ytz72ecfp,1701
2734,9q8ysc30kdk6,4460
2735,9q8ythchufwe,5444
2736,9q8yt506tdky,3009
2737,9q8zebs4296n,5217
2738,9q8yyhsc6xzw,2441
2739,9q8yv26eebkn,4410
2740,9q8zzzxvf1v8,2858
2741,9q8ytcrn0kdr,5489
2742,9q8yyvkyesn1,4444
2743,9q8vyvy3421d,2231
2744,9q9p19tsw7xc,3352
2745,9q8yyx4ej3z0,5006
2746,9q8yyszv0sf9,5555
2747,9q9j88jsj5p4,5258
2748,9q8ywjts4h32,4103
2749,9q8yvy9zmhyv,4298
2750,9q8zn2ym39vh,4026
2751,9q9p4n4n4xuh,3587
2752,9q8zs7m3xv9v,5289
2753,9q8zsss43w8c,2281
2754,9q8yv827w23q,4412
2755,9q8zn122yytx,4030
2756,9q8zsh0qu3sp,5040
2757,9q9ncfe92vmj,2881
2758,9q8zjc6wu90k,4255
2759,9q9p1d403bre,2849
2760,9q9p1t0e73kk,3347
2761,9q8yxjm87r6j,5362
2762,9q8zndd9trx5,5439
2763,9q9nf5m8xph6,30
2764,9q8ymr3nj60y,5003
2765,9q9jb2d006hd,4557
2766,9q8yw572khuk,5324
2767,9q8yvdq78en8,5531
2768,9q8ysy0mt76x,2944
2769,9q8yvmu462z7,3666
2770,9q8ywyzhct5h,5485
2771,9q9p1g61433b,5525
2772,9q8zn1n71k6c,3165
2773,9q8yvyrez8h5,3487
2774,9q9p1c4g1s79,4682
2775,9q9p1c0e5sq9,3200
2776,9q9p8ye6x9h7,1657
2777,9q8yw9uze7gz,209
2778,9q8ywp06wztd,5317
2779,9q8zn88rrx6p,3974
2780,9q9j9qrfhj4u,5269
2781,9q9p39613bzt,3115
2782,9q9j8vqmhc54,5053
2783,9q8yvjcfk2b5,3816
2784,9q8znbe3tj4f,4609
2785,9q8yudyvndpr,4451
2786,9qc03b09g8y9,3594
2787,9q8yty6ektbm,81
2788,9q8yw4s157jz,4888
2789,9q8yukyjphg9,4383
2790,9q8yu83ge87y,5072
2791,9q8zkjtmp6zd,5598
2792,9q8ykf82v348,677
2793,9q8yyvvd6bzg,5116
2794,9q9pb85qzqf4,2743
2795,9q8yyxb6re6j,4025
2796,9q8ytzuzf7tk,3687
2797,9q8yttz9zq9v,3021
2798,9q8vxqmxgxs1,2453
2799,9q9p4978cyez,4693
2800,9q9nct0dgrhq,4592
2801,9q8yypxh88ux,3435
2802,9q9p3wrhmh7r,3269
2803,9q8zn8s1sj46,212
2804,9q9p1g2959q8,3580
2805,9q9p32spz9dm,3339
2806,9q8yjm06jbxh,5506
2807,9q8ynqzu22b2,4492
2808,9q9j8u2d46tf,3290
2809,9q8yn7cpnd1s,3240
2810,9q9p3qj8wptv,3273
2811,9q8yvser76ru,3656
2812,9q8yyb91r4vg,5365
2813,9q8yy8uugrey,5473
2814,9q9p8gf51hch,3526
2815,9q8zn8jw48jx,5172
2816,9q9p17n7jqz7,5415
2817,9q8yst726prj,4059
2818,9qbb5wc0gpck,3092
2819,9q8ywmucgn9v,5481
2820,9q8yyz3ywqxd,3136
2821,9q9p1kuvqyup,3350
2822,9q8yw7rb2kbk,4737
2823,9q8yuwztnp35,1275
2824,9q8yyvwk6q3w,3428
2825,9q9p1wxptp5k,2961
2826,9q8ym8bkq733,5001
2827,9q9j974z0up5,5051
2828,9q9pbhe6y8tz,4144
2829,9q8ytvyrc10d,4318
2830,9q8zs6zwj8yf,5292
2831,9q8znbkggdwh,4719
2832,9q8zztq6562h,2862
2833,9q8ywjr8rzqj,1646
2834,9q8yyq48j5kb,3480
2835,9q8yye14yuet,2812
2836,9q8yyfzj1d5p,4047
2837,9q9p1y8xexns,4005
2838,9q8ytd9nvtdu,5090
2839,9q8ym8cukgk9,4478
2840,9q9p9317f2ey,1523
2841,9q8znb10pjvf,2733
2842,9q8ymm4d7fu4,4995
2843,9q9p3pffbxuc,3528
2844,9qbbpbg2y278,5295
2845,9q8zmqujf7xr,5213
2846,9q8ytuhje0gy,2318
2847,9q9p617x15r6,3998
2848,9q9p618suj8z,4002
2849,9q9p3hdf0skg,4184
2850,9q8yjwvs32ub,314
2851,9q8yje9gkvkd,3191
2852,9q8ysy1jsekr,186
2853,9q9ncs5808ep,4631
2854,9q8yyzcfq7rt,5293
2855,9q8yystx6dms,2622
2856,9q8ykvu19u6z,4990
2857,9q8yvv68u987,2903
2858,9q9p96pbuhfb,2883
2859,9q8ywvknk3ud,3719
2860,9q8zj9k0fy9x,3096
2861,9q8yvdxxprcf,3690
2862,9q9p1b8x7xqx,3215
2863,9q8yt24t7gu5,3839
2864,9qbb58z8ub22,5597
2865,9q8ytmfxgch4,5549
2866,9q8yp0gkj3j5,234
2867,9q8yycsu79q5,3394
2868,9q8yz1cpzw0j,2443
2869,9q9p1uhbrdbt,4126
2870,9qbbpu0995tn,5404
2871,9qbb705cz8g9,3228
2872,9q8yyy10p5mb,3230
2873,9q9j9j4z0wsu,5544
2874,9q8vs3qhz5gw,5146
2875,9q9p9mqrt6x7,4819
2876,9q8yyuhju7hs,4445
2877,9q9j8x5rr34n,5041
2878,9q9p30gmxund,4587
2879,9q8yvk8rmfrh,5476
2880,9q8ynwrfb9d8,4485
2881,9q9p8u5qz9sr,4160
2882,9q8yymuf70cg,2904
2883,9q9p19qqvc1s,3522
2884,9q8yw4bkybj9,4732
2885,9q8yyserkf2s,4355
2886,9q9p91y7j4m7,4647
2887,9q8ysqxxjdwz,5342
2888,9q8yxn8920q6,5466
2889,9q9p8fpyernm,4080
2890,9q8yn3pz8mbq,1728
2891,9q9p1dzjmh7q,2957
2892,9q9p1kpbk4fv,3139
2893,9q8yhyq4z9xb,4473
2894,9q8ytx3bscux,5461
2895,9qc00bkjngqj,3604
2896,9q8zz8s4t7eh,5230
2897,9q8yuk1b529x,4066
2898,9q8vyvjxdbzg,5245
2899,9q8ywzn6dr9d,5463
2900,9q9p189r6xqp,3216
2901,9q8ywqxz068r,4909
2902,9q8yweucgk5g,4742
2903,9q9p17z4sb90,3138
2904,9q8yyz9hx0vz,3075
2905,9q9j8qsvv9gq,4555
2906,9q8zkgqpptzu,5398
2907,9q8ymrcpt32v,4975
2908,9q9pbxkfjuvw,2752
2909,9q9p1kspxsd6,3952
2910,9q8yyncjnpr7,5610
2911,9q8yv09ck6b5,4776
2912,9q9p38dccr32,2854
2913,9q9j91unr70q,4562
2914,9q8zn6x18zwg,3445
2915,9q8yydvt4djx,3691
2916,9q8ysgzxwqe3,3782
2917,9q9p3bd1fr3b,3206
2918,9q8ytz9ujnyc,4306
2919,9q8yyxm8fsjt,2770
2920,9q8yyzqqdq9d,3135
2921,9q9j88z57udx,1751
2922,9q8ywdpj3q2u,2984
2923,9q9p8tp5gvf9,628
2924,9q8zn6xz8602,3430
2925,9q9nfnum0x35,1534
2926,9q9j2eruehk4,4563
2927,9q8ysfsycjss,1718
2928,9q8yt8zh8j80,1647
2929,9q8yvgjdcsxj,4352
2930,9q9p93ugnfk5,4656
2931,9qbbhgrdq653,291
2932,9q8ywwsph4dr,5605
2933,9q8yykrg8m83,3861
2934,9q9p9dd43up8,5376
2935,9q9p14fv2sky,5577
2936,9q9p3xq3tb99,4620
2937,9q8yy29cmfg5,2442
2938,9q8yjzgr5z4p,4074
2939,9q8yu3czgq1t,3778
2940,9q8yksjt0nu0,3847
2941,9q9p1gjenyf5,3576
2942,9q9pb2p15s2m,3256
2943,9q9p1dhnpfu9,3510
2944,9q8ywgdsjc9n,5586
2945,9q8ysq9z569x,4935
2946,9q8yus1ju74h,4452
2947,9q8yn4uh57tv,2505
2948,9q8yuuuv1hu9,3791
2949,9q9p1wszxpnk,5239
2950,9q8ymhnvpqgb,4457
2951,9q8ytsgkg6xg,4420
2952,9q9pb0yq7bkr,1655
2953,9q9p45y6w2w0,3898
2954,9q8zn0hn52jz,4285
2955,9q9ncehfzhwm,4221
2956,9q9nf5kyxc6x,3151
2957,9q8zn2bmr1zu,4854
2958,9q8yvey60wqd,3647
2959,9q9j8ymxvx93,682
2960,9q9j9t2t53h6,5275
2961,9q8vugrtq2eq,5248
2962,9q9p9ettq6rz,4174
2963,9q8zsh4wf39p,5181
2964,9qbb5rdw17fx,5155
2965,9q8yuu3gevw1,3793
2966,9q9p30e3zzq8,1504
2967,9q9p19zfkmuy,4219
2968,9q9p98zvuqkc,5394
2969,9q9p8ucq1erk,3386
2970,9q8yymts6q7q,2890
2971,9q9p44ex94p2,3202
2972,9q8yswdx4ftr,3935
2973,9q8yyzb6rgkm,2760
2974,9q9nfy2eubp7,4675
2975,9qbbk4cc4vp2,4226
2976,9q9pb6f082se,1651
2977,9q8yw7upey81,4331
2978,9q8yufuv14hx,3771
2979,9q8zumy5x1es,5179
2980,9q8yy8uhupdq,4897
2981,9q8zzcu5mst3,3384
2982,9q9j8qmxuzt1,5518
2983,9q9p99kprvs8,3361
2984,9q8yxjy3fwet,3307
2985,9q8yp01hxx2n,3059
2986,9q9p4n5w1pzk,3586
2987,9q8yv6tx1pfd,4769
2988,9q8zj3rwycps,4385
2989,9q8yx5cpxw81,2774
2990,9q8ymzrwpdhn,2502
2991,9q8yt88qy716,3237
2992,9q8znb1bnmzd,3179
2993,9q8znb1yn2px,2785
2994,9q8zj9n70sq9,3459
2995,9q8zn9y63vzq,3605
2996,9q8vyecbyjt3,1458
2997,9q8yywx1968b,3134
2998,9q8yvsuv4hg1,3658
2999,9q8zn8q7cfxk,3626
3000,9q8yvnhvcmwy,4952
3001,9q8yuhnvy55h,3825
3002,9q9p44s38x95,4131
3003,9q8ynxcpnz5x,4469
3004,9q9p3nd41qgm,597
3005,9q8yt1f9g99f,4436
3006,9q9j8mv8svvh,5024
3007,9q8ywrc4n91w,4898
3008,9q8yhb9nhwsq,4504
3009,9q9p98jwwkxu,1071
3010,9q8yktsgbf43,4988
3011,9q8zn227z4xu,3329
3012,9q8vzfq67d4r,528
3013,9q9p99c74dq5,4153
3014,9q8ywkxp0bny,3710
3015,9q9p1c60fq9z,3512
3016,9q8ysgv9bkn7,3773
3017,9q8yyy8rruum,5125
3018,9q8yw3mw4ker,5141
3019,9q8ywesu53ey,4740
3020,9q8ysfqgr0c9,4433
3021,9q8yn6phbfnb,3503
3022,9q9pb6j9hyvn,3356
3023,9q9p1edu9q17,3571
3024,9q9p1437fj1w,3513
3025,9q8ytp9hhyy9,4777
3026,9q9p364y2uzp,4638
3027,9q8yvwh04g38,4037
3028,9q8yytr0c38g,5554
3029,9q8yy5c4nnr6,5309
3030,9q8yn4dwkc68,5513
3031,9q9p14xcez8e,4156
3032,9q9p98kurpn3,4812
3033,9q8ym8xn80bh,4073
3034,9q8yuqw1x4e8,3818
3035,9q9p44vtrhkq,5383
3036,9q8yjzup5p5z,2708
3037,9q8ytx06wr96,5088
3038,9qbb518251gm,4235
3039,9q9p1b9r7p2r,3192
3040,9q8yvt68u1w7,4040
3041,9q8yyqsz7hcv,3618
3042,9q8vn59pynzq,4530
3043,9q8yv1yfp7gb,2948
3044,9q8ynx56hg0t,4476
3045,9q8zn8h0hjf6,2783
3046,9qbb5bf8cbqb,5593
3047,9q8ytcg3gcd4,2997
3048,9q8yw40mqyms,3722
3049,9q8yw89yy5j6,5565
3050,9q8zn3b6rjzy,4097
3051,9q8ytd91je4z,1773
3052,9q8ynpc1qhz6,4467
3053,9q8yv9zdp7cb,4866
3054,9q8yy6bmp4pz,2974
3055,9q8yy6uj5f0p,3709
3056,9q9pbjph5pyp,3377
3057,9q8yvv9umnqy,3323
3058,9qc009w2h9bv,3596
3059,9qbb56f8c6f9,2119
3060,9q8yvmq2b3s7,535
3061,9q8yu9c4h7f0,4111
3062,9q8yys1vy5jk,5360
3063,9q8yum3yek19,4069
3064,9q8ykevx2hk4,4528
3065,9q8ytyhje57z,2799
3066,9q8yvdbmn61r,3741
3067,9q8znbd9tv14,4614
3068,9q8ykfdwe5rw,3843
3069,9q8yjzg37uf4,5624
3070,9q8ytgrn0r63,5322
3071,9q8yyw83xdd0,4855
3072,9q8yy01vtw0c,1700
3073,9q9p3qkuqukp,4658
3074,9q8yu61vg29d,662
3075,9q9j8z5rr9hq,4523
3076,9qbb5sybvmqe,4227
3077,9q9p3rh5xw4k,4662
3078,9q8yyxz4372v,3643
3079,9q9p1sxcu6hv,2597
3080,9q9nfpu62e3j,4683
3081,9q9p34xpuknz,4208
3082,9q8ywh91njz2,4729
3083,9q8yusztnhc1,5061
3084,9q9p1rk1pw67,1498
3085,9q9p16txw4jb,3515
3086,9q9p1vwky0eu,4136
3087,9q8zgk4x17ft,4240
3088,9q8yynp8pgq0,3399
3089,9q8zzbubkynf,5231
3090,9q8vp31yrj5v,1210
3091,9q8zn94ejkr1,533
3092,9q9pb8131kmm,5551
3093,9q8ytcr8rdk4,5490
3094,9q8yu33y7qcw,4056
3095,9q9nbys1wfw0,1577
3096,9q8zzzrpfz7g,3348
3097,9q8ynt7msv2w,4489
3098,9q8yvnjtbv8q,5066
3099,9q8yj6sn63r2,3767
3100,9q8yvdpjb084,4867
3101,9q8yy7mwd37r,2965
3102,9q9nf6fj4fnr,3221
3103,9q9p1upnjmm6,1045
3104,9q8ymq27jgxn,3838
3105,9q9p39suzjwr,5234
3106,9q9p8v0efmvc,3254
3107,9q9j80hhjgpd,5028
3108,9q8zn80qp84p,4276
3109,9q9p0tkyvyjx,3131
3110,9q8yucfd55z8,660
3111,9q9p8wrheydt,4815
3112,9q8ytntx0f8r,3702
3113,9q8yy8dxjmr1,2844
3114,9q8yysxc2xfw,5127
3115,9q8ykgy1x9zv,3492
3116,9q8yyt14yz5w,4261
3117,9q8ymhptnwv2,2820
3118,9q8yteh4df3w,2988
3119,9q8yhes53t2f,4501
3120,9q8yn7hcgn1f,5054
3121,9q8zzwnr5q2n,4791
3122,9q8zgbh9pu7v,5206
3123,9q8yvb83qdg7,4873
3124,9q8yy2wr1tm1,3701
3125,9q8zzdpp493e,4147
3126,9q9p3uvtyc4j,3911
3127,9q8ywrg6h3nq,4914
3128,9q9j8fmdj813,5150
3129,9q8yszu41c4y,3929
3130,9q8ytgz1bk47,4748
3131,9qbb5bmmp5mt,3081
3132,9q8ynwpubx4e,1449
3133,9q8yydq79gp2,4045
3134,9q8yy59umebu,3744
3135,9q8yjj87mxug,3066
3136,9q8znb77v4du,3427
3137,9q8ywqq73tvj,5315
3138,9q9p2zxjhjks,5583
3139,9q9p3s8xgqu2,5386
3140,9q8yynzj0xke,2715
3141,9q8yvbkgd2mq,2817
3142,9q8yxhjte2fn,5570
3143,9q9p3jufyt3b,3920
3144,9q8zguh129d0,5202
3145,9q9p98f01gze,3362
3146,9q8zn907ps61,3332
3147,9q8yuucjhsu3,4054
3148,9q8zxyx4dc5g,4801
3149,9q8yt7b3vup5,5095
3150,9q8yw8bkxtd0,5563
3151,9q8yufk59g4b,1296
3152,9q8zzdcbx2w5,5402
3153,9q8vukhh94qe,3246
3154,9q8yyuj84bxz,4443
3155,9q9p3pxjhmqu,887
3156,9q8yvv3ythnc,3802
3157,9q9p99rcs7hg,3359
3158,9q8ysyfsgjps,2942
3159,9q8yst686zmm,4339
3160,9q8yyhq79mdc,5419
3161,9q8zjcqqc10s,4282
3162,9q8zjfx18rd7,1677
3163,9q8yyjts6n3q,4341
3164,9q8ytdvsc2hc,3677
3165,9q8ytsbky697,4419
3166,9q8zjbsp7p7z,4093
3167,9q9p3ghgx909,4600
3168,9q8yv1yzzq5v,3924
3169,9q8yv1c4hgy8,5560
3170,9q8ysxcf595y,4931
3171,9q8ywhr52eke,1265
3172,9q9p1dzvkkky,2931
3173,9q8yvgk0ep5f,4834
3174,9q9p3vkr20qv,3278
3175,9q8zn3u47vbn,3167
3176,9q8zzsw6g28p,3250
3177,9q9p3n0wdf04,3530
3178,9q9j90tttf7d,3860
3179,9q9p19hgphq3,2959
3180,9q9p3w7s2s7p,3899
3181,9q8yybsphmk9,5471
3182,9q9p4hxzth96,3893
3183,9q8vzcmthq0t,5261
3184,9q8yyyujhrke,2308
3185,9q8ywjcpy1p6,4892
3186,9q8yv1qyrqgy,4401
3187,9q8yyr15n9c8,20
3188,9q9p19u4rvuw,2847
3189,9q8zn3rnbcnu,3168
3190,9q8ysyx9q276,3265
3191,9q8zn9ryb94s,4615
3192,9q8yvm4dgzhn,5368
3193,9q8yyrpg03b2,3033
3194,9q9j8u1k38pm,3280
3195,9q9p9pfg29uz,1656
3196,9q8yv9xh2125,4868
3197,9q9p30t9vz78,3116
3198,9qbb5f2mhjcz,5591
3199,9q8yn7fxj4hu,3057
3200,9q8ysmqbqrmj,4761
3201,9q8yyrp50cyb,3449
3202,9q8vzh8w01w7,3068
3203,9q8ywzjddzxf,5468
3204,9q9p3tkprbkt,5552
3205,9q8yvn3gu205,3013
3206,9q8yqkuue03v,5502
3207,9q9p919m4pct,4708
3208,9q9j3wge2d5j,4575
3209,9q9p18h0pvud,4798
3210,9q8yyucvnkz9,3286
3211,9q9nmcdgwsyw,4516
3212,9q9p9t45cvz9,1659
3213,9q8yvghffktm,3309
3214,9q8yyrg6k7qm,3020
3215,9q9nf1gxcnpm,600
3216,9q8yky82vq4s,4064
3217,9q8znbdxmz3p,4612
3218,9q8yjeuz445h,5621
3219,9q8zs5g71sfs,4250
3220,9q9p997x2te0,3355
3221,9q8yy4uj56jz,3939
3222,9q9p41es95x3,590
3223,9q8yyqsce49b,3631
3224,9q9nf5ff1ymf,4215
3225,9q8yynd9sfd8,3326
3226,9q8zzwz0dt9w,2850
3227,9q8yuvhfcphw,3799
3228,9q8yv4k5d5j0,4403
3229,9q8ywnerh4sr,4379
3230,9q8yv6dx5zu4,5331
3231,9q8yvv72gcd5,445
3232,9q8yvyw39488,867
3233,9q8yv19hkcqe,5161
3234,9q9nf5jdzhsm,2719
3235,9q9p64srbs1p,4091
3236,9q8zn6d9tpsg,4839
3237,9q8yt2k54qr2,3007
3238,9q8zzu0x15vj,1652
3239,9q8yswwzndxr,4948
3240,9q8yvq83tfx0,3018
3241,9q8ym6nvpsjy,3421
3242,9q8ykzz9wr52,4980
3243,9q8yukcj5uzc,910
3244,9q9p1978bwep,2736
3245,9qbb4fbqdv1p,5584
3246,9q8yuhqgwje1,4345
3247,9q9p3w5w8d54,3900
3248,9q9p1yymw1ec,3119
3249,9q9p1sxzsksf,2964
3250,9q8ywh9zj80y,4439
3251,9q9p1wfv9393,2934
3252,9q9p93c7467g,4650
3253,9q8yy53yt92z,2976
3254,9q8ytszhb485,3739
3255,9q8ym187tsuy,4987
3256,9q8zn23gvfeh,3172
3257,9q8zn802ptf4,3636
3258,9q9j8d76p241,5031
3259,9q9p2zxv5mqk,4179
3260,9q8yu93y7wgy,4053
3261,9q8ytdwqbtws,3836
3262,9q9j8dk4n85c,4509
3263,9q9p17xhsy15,3568
3264,9qc00f1399pk,3603
3265,9q8ytnq72jfj,3772
3266,9q8vyve7jjdv,5590
3267,9q8yw4e3h5hr,5130
3268,9q8yvy1vvjwy,2807
3269,9q8yyjn6cr4y,1277
3270,9q9p13knz94k,3150
3271,9q8ywyrg2vuv,3692
3272,9q8yy9vd4ev8,5118
3273,9q9p9cdv1xgt,3524
3274,9q8yyz7qtndf,3132
3275,9q8yufyvp41x,4449
3276,9q8ysqdx4der,1720
3277,9q8zur6xfx77,243
3278,9q8yymkyeh1c,2726
3279,9q8yuwqgy8p7,4336
3280,9q8ywmkn7cb4,4915
3281,9q9j3hu5pr8k,4570
3282,9q8zqh86nume,2406
3283,9q8yth0mt8uy,4332
3284,9q9p36x4hcc1,4637
3285,9q8yvf5mgbd4,3650
3286,9q8ywctefzpv,5456
3287,9q8yvmr8ycxe,4349
3288,9qc010h1rq87,2612
3289,9q8zjbjw18pp,4289
3290,9q8zjckbfqtr,3078
3291,9q9p1dj8q2rg,3518
3292,9q9p15174nce,2632
3293,9q8yvjfd78cg,3011
3294,9q9p4n406tkp,3577
3295,9q8yqp2qnfjw,5497
3296,9q8ywg1fw6rw,4105
3297,9q8yvm1fux4q,5369
3298,9q9j94sjxkb7,5271
3299,9q9p91dv0xuv,4081
3300,9q9p3y0wednd,2936
3301,9q8yyws1s4d2,5005
3302,9q8ysszsy495,1710
3303,9q8ytcczt5yz,4747
3304,9q8yyxhg53gb,3169
3305,9q9nf4pjv8xd,3557
3306,9q9p1en7jyce,3544
3307,9q8yyrrbbk0m,4856
3308,9q8yvbykcp8w,4880
3309,9q9pbxr45ufw,5542
3310,9q9j83yqk5nw,1453
3311,9q8zzvttsr0x,3046
3312,9q8yutsh3w2y,3803
3313,9q8yyqxp2uyv,1691
3314,9qc003ph7t06,3598
3315,9q8yy506yutt,3669
3316,9q9p38ujxuhd,58
3317,9q9p3zkcx889,1515
3318,9q8yusuj1sbc,664
3319,9q8yt41vkq2h,4428
3320,9q8yyqxc8682,4346
3321,9q8yv6sz1zc4,5251
3322,9q8yum9h7yry,4068
3323,9q9p1wxcuksy,2737
3324,9q9p8cr1s5he,4169
3325,9q9pb853pk6j,2742
3326,9q8zzvves38s,3045
3327,9q9j90r1umqz,3878
3328,9q9p6nb8h12f,431
3329,9q8znb35z4tu,2923
3330,9q9j3n61c6gm,5284
3331,9q9p8gdv266z,3611
3332,9q8yvs77emxc,4348
3333,9q9j8rp17wb3,3856
3334,9q8ym09nsbys,5511
3335,9q8yt1566zgt,3002
3336,9q8zkpfdfrc1,4245
3337,9q8yhg3vefyh,1451
3338,9q8vz6emvxp3,4546
3339,9q8vugz8yme3,3244
3340,9q8yvye3efd0,3303
3341,9q8yugek6eck,1300
3342,9q8ykbx8wq7r,4505
3343,9q8zgbhwzygf,5207
3344,9q9p1k5826bv,3142
3345,9q8zn810nvgd,3030
3346,9q9nct28g3s7,4591
3347,9q8yvqvt1p6e,3453
3348,9q8yvesu65gh,3657
3349,9q8yufwzppcd,4423
3350,9q8vywuggqef,5609
3351,9q9j91c2d0c9,3291
3352,9q9p3exjj073,5352
3353,9q8yyqmef257,644
3354,9q8yw9m86dmd,2992
3355,9q8ytyjt9erp,4319
3356,9q8zjbhy42jr,4099
3357,9q9p44gt3hrq,4129
3358,9q9p0frggmnq,5579
3359,9q9j94u5rr22,4519
3360,9q8yyqjtfmeq,4028
3361,9q9p8ufy076u,3387
3362,9q8yubx9q6g7,4781
3363,9q8ytktx104w,5335
3364,9q9j8c094rju,5047
3365,9q9j8wc79km7,3857
3366,9q9j8dbe6p78,4510
3367,9q8yyxtsd8vx,3624
3368,9q8yp01uwz3y,3061
3369,9q8ywq27rjzv,4912
3370,9q8ytzkbd3vr,4885
3371,9q8yvfk5e55b,5480
3372,9q8ysde345pp,1779
3373,9q8yxh1vwbcy,5569
3374,9q8yyz68vu1j,3268
3375,9q8zjdn228qe,2606
3376,9qbb5nrtk55f,4228
3377,9q8yt9z9z39f,4749
3378,9q9j8wdjb9yy,3872
3379,9q8yv1cfh7b0,5558
3380,9q8yvuwr342s,2889
3381,9q9p3zkr24yz,4623
3382,9q8yhynuzp1e,2818
3383,9q9nf77w993x,3219
3384,9q8yw914qzgt,5562
3385,9q8zgdh9pwcw,4248
3386,9q8zu4dddq1n,3267
3387,9q8yvqhjfmxq,4303
3388,9q8ywmv9fqem,2497
